gf_media	sim_media	species	reaction	flux
mm_aer	milk_aer	CHCC6086	
mm_aer	mm_ana	CHCC4895	
mm_aer	mm_ana	CHCC6086	
mm_aer	milk_aer	CHCC5614	
mm_aer	milk_ana	CHCC6086	
mm_aer	milk_ana	CHCC10675	
mm_aer	milk_aer	CHCC4895	glc__D	-10
mm_aer	milk_aer	CHCC4895	ala__L	-10
mm_aer	milk_aer	CHCC4895	nh4	-10
mm_aer	milk_aer	CHCC4895	gln__L	-10
mm_aer	milk_aer	CHCC4895	thr__L	-10
mm_aer	milk_aer	CHCC4895	lcts	-10
mm_aer	milk_aer	CHCC4895	o2	-5.60322
mm_aer	milk_aer	CHCC4895	pi	-0.550211
mm_aer	milk_aer	CHCC4895	asp__L	-0.410677
mm_aer	milk_aer	CHCC4895	ser__L	-0.304324
mm_aer	milk_aer	CHCC4895	leu__L	-0.251383
mm_aer	milk_aer	CHCC4895	gly	-0.241053
mm_aer	milk_aer	CHCC4895	lys__L	-0.191474
mm_aer	milk_aer	CHCC4895	ura	-0.184574
mm_aer	milk_aer	CHCC4895	orn	-0.165043
mm_aer	milk_aer	CHCC4895	so4	-0.139718
mm_aer	milk_aer	CHCC4895	gua	-0.135465
mm_aer	milk_aer	CHCC4895	pro__L	-0.123342
mm_aer	milk_aer	CHCC4895	ade	-0.113992
mm_aer	milk_aer	CHCC4895	k	-0.108912
mm_aer	milk_aer	CHCC4895	his__L	-0.052861
mm_aer	milk_aer	CHCC4895	mg2	-0.0048404
mm_aer	milk_aer	CHCC4895	fe3	-0.00435664
mm_aer	milk_aer	CHCC4895	fe2	-0.00374677
mm_aer	milk_aer	CHCC4895	cl	-0.00290424
mm_aer	milk_aer	CHCC4895	ca2	-0.00290424
mm_aer	milk_aer	CHCC4895	nac	-0.00127106
mm_aer	milk_aer	CHCC4895	cu2	-0.000395601
mm_aer	milk_aer	CHCC4895	mn2	-0.000385558
mm_aer	milk_aer	CHCC4895	pnto__R	-0.000321391
mm_aer	milk_aer	CHCC4895	ribflv	-0.000248855
mm_aer	milk_aer	CHCC4895	zn2	-0.000190268
mm_aer	milk_aer	CHCC4895	thm	-0.000124427
mm_aer	milk_aer	CHCC4895	cobalt2	-5.57971e-05
mm_aer	milk_aer	CHCC4895	for	0.000373282
mm_aer	milk_aer	CHCC4895	glyclt	0.000373282
mm_aer	milk_aer	CHCC4895	succ	9.6501
mm_aer	milk_aer	CHCC4895	ile__L	9.69634
mm_aer	milk_aer	CHCC4895	val__L	17.6254
mm_aer	milk_aer	CHCC4895	ala__D	20.2524
mm_aer	milk_aer	CHCC4895	h	28.3738
mm_aer	milk_aer	CHCC4895	co2	39.9859
mm_aer	milk_aer	CHCC4895	h2o	46.6339
mm_aer	mm_aer	CHCC4895	o2	-10
mm_aer	mm_aer	CHCC4895	lcts	-10
mm_aer	mm_aer	CHCC4895	ade	-1.80525
mm_aer	mm_aer	CHCC4895	pi	-0.209453
mm_aer	mm_aer	CHCC4895	ura	-0.0702631
mm_aer	mm_aer	CHCC4895	so4	-0.0531873
mm_aer	mm_aer	CHCC4895	gua	-0.0515686
mm_aer	mm_aer	CHCC4895	k	-0.0414603
mm_aer	mm_aer	CHCC4895	mg2	-0.00184263
mm_aer	mm_aer	CHCC4895	fe3	-0.00165847
mm_aer	mm_aer	CHCC4895	fe2	-0.00142631
mm_aer	mm_aer	CHCC4895	cl	-0.00110558
mm_aer	mm_aer	CHCC4895	ca2	-0.00110558
mm_aer	mm_aer	CHCC4895	nac	-0.000483863
mm_aer	mm_aer	CHCC4895	cu2	-0.000150596
mm_aer	mm_aer	CHCC4895	mn2	-0.000146773
mm_aer	mm_aer	CHCC4895	pnto__R	-0.000122346
mm_aer	mm_aer	CHCC4895	ribflv	-9.47335e-05
mm_aer	mm_aer	CHCC4895	zn2	-7.24308e-05
mm_aer	mm_aer	CHCC4895	thm	-4.73667e-05
mm_aer	mm_aer	CHCC4895	cobalt2	-2.12407e-05
mm_aer	mm_aer	CHCC4895	glyclt	0.0001421
mm_aer	mm_aer	CHCC4895	urate	1.76185
mm_aer	mm_aer	CHCC4895	diact	5.4988
mm_aer	mm_aer	CHCC4895	h2o	9.67525
mm_aer	mm_aer	CHCC4895	co2	11.2489
mm_aer	mm_aer	CHCC4895	acald	25.8147
mm_aer	mm_aer	CHCC4895	h	26.5541
mm_aer	mm_aer	CHCC4895	for	26.8258
mm_aer	milk_aer	CHCC10675	
mm_aer	milk_ana	CHCC4895	glc__D	-10
mm_aer	milk_ana	CHCC4895	ala__L	-10
mm_aer	milk_ana	CHCC4895	nh4	-10
mm_aer	milk_ana	CHCC4895	ser__L	-10
mm_aer	milk_ana	CHCC4895	thr__L	-10
mm_aer	milk_ana	CHCC4895	lcts	-10
mm_aer	milk_ana	CHCC4895	glu__L	-8.82427
mm_aer	milk_ana	CHCC4895	asp__L	-1.56612
mm_aer	milk_ana	CHCC4895	pi	-0.534153
mm_aer	milk_ana	CHCC4895	gln__L	-0.442388
mm_aer	milk_ana	CHCC4895	leu__L	-0.244046
mm_aer	milk_ana	CHCC4895	gly	-0.234018
mm_aer	milk_ana	CHCC4895	lys__L	-0.185886
mm_aer	milk_ana	CHCC4895	ura	-0.179187
mm_aer	milk_ana	CHCC4895	orn	-0.160226
mm_aer	milk_ana	CHCC4895	so4	-0.13564
mm_aer	milk_ana	CHCC4895	gua	-0.131512
mm_aer	milk_ana	CHCC4895	pro__L	-0.119742
mm_aer	milk_ana	CHCC4895	ade	-0.110665
mm_aer	milk_ana	CHCC4895	k	-0.105733
mm_aer	milk_ana	CHCC4895	his__L	-0.0513183
mm_aer	milk_ana	CHCC4895	mg2	-0.00469913
mm_aer	milk_ana	CHCC4895	fe3	-0.00422948
mm_aer	milk_ana	CHCC4895	fe2	-0.00363742
mm_aer	milk_ana	CHCC4895	cl	-0.00281948
mm_aer	milk_ana	CHCC4895	ca2	-0.00281948
mm_aer	milk_ana	CHCC4895	nac	-0.00123396
mm_aer	milk_ana	CHCC4895	cu2	-0.000384055
mm_aer	milk_ana	CHCC4895	mn2	-0.000374305
mm_aer	milk_ana	CHCC4895	pnto__R	-0.000312011
mm_aer	milk_ana	CHCC4895	ribflv	-0.000241592
mm_aer	milk_ana	CHCC4895	zn2	-0.000184715
mm_aer	milk_ana	CHCC4895	thm	-0.000120796
mm_aer	milk_ana	CHCC4895	cobalt2	-5.41686e-05
mm_aer	milk_ana	CHCC4895	for	0.000362388
mm_aer	milk_ana	CHCC4895	glyclt	0.000362388
mm_aer	milk_ana	CHCC4895	succ	8.92697
mm_aer	milk_ana	CHCC4895	ile__L	9.70521
mm_aer	milk_ana	CHCC4895	ala__D	10.5352
mm_aer	milk_ana	CHCC4895	h	16.8296
mm_aer	milk_ana	CHCC4895	val__L	27.9857
mm_aer	milk_ana	CHCC4895	co2	50.7114
mm_aer	milk_ana	CHCC4895	h2o	55.9979
mm_aer	mm_aer	CHCC10675	o2	-10
mm_aer	mm_aer	CHCC10675	lcts	-10
mm_aer	mm_aer	CHCC10675	gua	-7.7945
mm_aer	mm_aer	CHCC10675	h	-1.53714
mm_aer	mm_aer	CHCC10675	pi	-0.910287
mm_aer	mm_aer	CHCC10675	ura	-0.305365
mm_aer	mm_aer	CHCC10675	ade	-0.276047
mm_aer	mm_aer	CHCC10675	so4	-0.231153
mm_aer	mm_aer	CHCC10675	k	-0.180188
mm_aer	mm_aer	CHCC10675	mg2	-0.00800811
mm_aer	mm_aer	CHCC10675	fe3	-0.00720776
mm_aer	mm_aer	CHCC10675	fe2	-0.00619879
mm_aer	mm_aer	CHCC10675	cl	-0.00480487
mm_aer	mm_aer	CHCC10675	ca2	-0.00480487
mm_aer	mm_aer	CHCC10675	cu	-0.000654496
mm_aer	mm_aer	CHCC10675	mn2	-0.00063788
mm_aer	mm_aer	CHCC10675	fol	-0.000617571
mm_aer	mm_aer	CHCC10675	ribflv	-0.000411714
mm_aer	mm_aer	CHCC10675	zn2	-0.000314786
mm_aer	mm_aer	CHCC10675	thm	-0.000205857
mm_aer	mm_aer	CHCC10675	cobalt2	-9.23125e-05
mm_aer	mm_aer	CHCC10675	succ	0.273053
mm_aer	mm_aer	CHCC10675	urate	2.94306
mm_aer	mm_aer	CHCC10675	xan	4.71539
mm_aer	mm_aer	CHCC10675	btd_RR	12.9354
mm_aer	mm_aer	CHCC10675	h2o	21.1494
mm_aer	mm_aer	CHCC10675	co2	31.0841
mm_aer	mm_ana	CHCC5614	h	-10
mm_aer	mm_ana	CHCC5614	lcts	-5
mm_aer	mm_ana	CHCC5614	so4	-5
mm_aer	mm_ana	CHCC5614	h2s	5
mm_aer	mm_ana	CHCC5614	h2o	15
mm_aer	mm_ana	CHCC5614	acald	20
mm_aer	mm_ana	CHCC5614	co2	20
mm_aer	mm_aer	CHCC5614	fe3	-10
mm_aer	mm_aer	CHCC5614	o2	-10
mm_aer	mm_aer	CHCC5614	lcts	-10
mm_aer	mm_aer	CHCC5614	gua	-3.46534
mm_aer	mm_aer	CHCC5614	so4	-1.64691
mm_aer	mm_aer	CHCC5614	pi	-0.39086
mm_aer	mm_aer	CHCC5614	cit	-0.35712
mm_aer	mm_aer	CHCC5614	ura	-0.131118
mm_aer	mm_aer	CHCC5614	k	-0.0773691
mm_aer	mm_aer	CHCC5614	mg2	-0.00343853
mm_aer	mm_aer	CHCC5614	cl	-0.00206312
mm_aer	mm_aer	CHCC5614	ca2	-0.00206312
mm_aer	mm_aer	CHCC5614	cu	-0.000281028
mm_aer	mm_aer	CHCC5614	mn2	-0.000273893
mm_aer	mm_aer	CHCC5614	fol	-0.000265173
mm_aer	mm_aer	CHCC5614	ribflv	-0.000176782
mm_aer	mm_aer	CHCC5614	zn2	-0.000135163
mm_aer	mm_aer	CHCC5614	thm	-8.8391e-05
mm_aer	mm_aer	CHCC5614	cobalt2	-3.96372e-05
mm_aer	mm_aer	CHCC5614	s	0.121834
mm_aer	mm_aer	CHCC5614	pdima	0.138976
mm_aer	mm_aer	CHCC5614	succ	0.35093
mm_aer	mm_aer	CHCC5614	h2s	1.42583
mm_aer	mm_aer	CHCC5614	xan	3.28839
mm_aer	mm_aer	CHCC5614	h	5.93585
mm_aer	mm_aer	CHCC5614	fe2	9.99424
mm_aer	mm_aer	CHCC5614	acald	27.18
mm_aer	mm_aer	CHCC5614	h2o	27.6038
mm_aer	mm_aer	CHCC5614	co2	37.2398
mm_aer	milk_ana	CHCC5614	
mm_aer	mm_ana	CHCC10675	h	-10
mm_aer	mm_ana	CHCC10675	so4	-3.33333
mm_aer	mm_ana	CHCC10675	lcts	-2.35294
mm_aer	mm_ana	CHCC10675	btd_RR	0.392157
mm_aer	mm_ana	CHCC10675	h2s	3.33333
mm_aer	mm_ana	CHCC10675	diact	4.31373
mm_aer	mm_ana	CHCC10675	co2	9.41176
mm_aer	mm_ana	CHCC10675	h2o	10.9804
mm_aer	mm_aer	CHCC6086	o2	-10
mm_aer	mm_aer	CHCC6086	lcts	-10
mm_aer	mm_aer	CHCC6086	gua	-6.8754
mm_aer	mm_aer	CHCC6086	pi	-0.802759
mm_aer	mm_aer	CHCC6086	ura	-0.269294
mm_aer	mm_aer	CHCC6086	ade	-0.243439
mm_aer	mm_aer	CHCC6086	so4	-0.203848
mm_aer	mm_aer	CHCC6086	k	-0.158903
mm_aer	mm_aer	CHCC6086	mg2	-0.00706215
mm_aer	mm_aer	CHCC6086	fe3	-0.00635634
mm_aer	mm_aer	CHCC6086	fe2	-0.00546655
mm_aer	mm_aer	CHCC6086	cl	-0.00423729
mm_aer	mm_aer	CHCC6086	ca2	-0.00423729
mm_aer	mm_aer	CHCC6086	cu	-0.000577183
mm_aer	mm_aer	CHCC6086	mn2	-0.00056253
mm_aer	mm_aer	CHCC6086	ribflv	-0.00036308
mm_aer	mm_aer	CHCC6086	zn2	-0.000277601
mm_aer	mm_aer	CHCC6086	thm	-0.00018154
mm_aer	mm_aer	CHCC6086	cobalt2	-8.1408e-05
mm_aer	mm_aer	CHCC6086	glyclt	0.00054462
mm_aer	mm_aer	CHCC6086	fum	0.240798
mm_aer	mm_aer	CHCC6086	xan	6.75488
mm_aer	mm_aer	CHCC6086	h	11.7189
mm_aer	mm_aer	CHCC6086	for	12.7862
mm_aer	mm_aer	CHCC6086	co2	19.8973
mm_aer	mm_aer	CHCC6086	h2o	21.6074
mm_aer	mm_aer	CHCC6086	acald	27.2623
milk_ana	milk_aer	CHCC6086	glc__D	-10
milk_ana	milk_aer	CHCC6086	ser__L	-10
milk_ana	milk_aer	CHCC6086	o2	-10
milk_ana	milk_aer	CHCC6086	glu__L	-10
milk_ana	milk_aer	CHCC6086	lcts	-10
milk_ana	milk_aer	CHCC6086	trp__L	-10
milk_ana	milk_aer	CHCC6086	asp__L	-1.43449
milk_ana	milk_aer	CHCC6086	pi	-1.36791
milk_ana	milk_aer	CHCC6086	gln__L	-0.978126
milk_ana	milk_aer	CHCC6086	nh4	-0.636164
milk_ana	milk_aer	CHCC6086	leu__L	-0.624977
milk_ana	milk_aer	CHCC6086	gly	-0.598496
milk_ana	milk_aer	CHCC6086	val__L	-0.58781
milk_ana	milk_aer	CHCC6086	lys__L	-0.476034
milk_ana	milk_aer	CHCC6086	ura	-0.458879
milk_ana	milk_aer	CHCC6086	orn	-0.410323
milk_ana	milk_aer	CHCC6086	ile__L	-0.403022
milk_ana	milk_aer	CHCC6086	thr__L	-0.351915
milk_ana	milk_aer	CHCC6086	so4	-0.347359
milk_ana	milk_aer	CHCC6086	gua	-0.336788
milk_ana	milk_aer	CHCC6086	pro__L	-0.306648
milk_ana	milk_aer	CHCC6086	ade	-0.283401
milk_ana	milk_aer	CHCC6086	k	-0.270772
milk_ana	milk_aer	CHCC6086	phe__L	-0.257
milk_ana	milk_aer	CHCC6086	tyr__L	-0.19129
milk_ana	milk_aer	CHCC6086	his__L	-0.131421
milk_ana	milk_aer	CHCC6086	mg2	-0.012034
milk_ana	milk_aer	CHCC6086	fe3	-0.0108313
milk_ana	milk_aer	CHCC6086	fe2	-0.00931506
milk_ana	milk_aer	CHCC6086	cl	-0.00722039
milk_ana	milk_aer	CHCC6086	ca2	-0.00722039
milk_ana	milk_aer	CHCC6086	cu2	-0.000983526
milk_ana	milk_aer	CHCC6086	mn2	-0.000958556
milk_ana	milk_aer	CHCC6086	ribflv	-0.000618692
milk_ana	milk_aer	CHCC6086	zn2	-0.000473036
milk_ana	milk_aer	CHCC6086	thm	-0.000309346
milk_ana	milk_aer	CHCC6086	cobalt2	-0.00013872
milk_ana	milk_aer	CHCC6086	glyclt	0.000928038
milk_ana	milk_aer	CHCC6086	succ	0.410184
milk_ana	milk_aer	CHCC6086	id3acald	9.92115
milk_ana	milk_aer	CHCC6086	4abut	10.1084
milk_ana	milk_aer	CHCC6086	h	15.5064
milk_ana	milk_aer	CHCC6086	ala__L	17.9751
milk_ana	milk_aer	CHCC6086	for	27.1049
milk_ana	milk_aer	CHCC6086	h2o	36.4201
milk_ana	milk_aer	CHCC6086	co2	41.6206
milk_ana	milk_aer	CHCC6086	acald	42.7157
milk_ana	mm_ana	CHCC4895	
milk_ana	mm_ana	CHCC6086	
milk_ana	milk_aer	CHCC5614	glc__D	-10
milk_ana	milk_aer	CHCC5614	gly	-10
milk_ana	milk_aer	CHCC5614	fe3	-10
milk_ana	milk_aer	CHCC5614	o2	-10
milk_ana	milk_aer	CHCC5614	glu__L	-10
milk_ana	milk_aer	CHCC5614	lcts	-10
milk_ana	milk_aer	CHCC5614	h	-0.963836
milk_ana	milk_aer	CHCC5614	pi	-0.708456
milk_ana	milk_aer	CHCC5614	nh4	-0.688801
milk_ana	milk_aer	CHCC5614	cit	-0.541708
milk_ana	milk_aer	CHCC5614	so4	-0.400732
milk_ana	milk_aer	CHCC5614	leu__L	-0.323683
milk_ana	milk_aer	CHCC5614	gua	-0.320722
milk_ana	milk_aer	CHCC5614	val__L	-0.304433
milk_ana	milk_aer	CHCC5614	lys__L	-0.246543
milk_ana	milk_aer	CHCC5614	ura	-0.237659
milk_ana	milk_aer	CHCC5614	orn	-0.212511
milk_ana	milk_aer	CHCC5614	ile__L	-0.20873
milk_ana	milk_aer	CHCC5614	thr__L	-0.182261
milk_ana	milk_aer	CHCC5614	pro__L	-0.158816
milk_ana	milk_aer	CHCC5614	gal	-0.14049
milk_ana	milk_aer	CHCC5614	k	-0.140236
milk_ana	milk_aer	CHCC5614	phe__L	-0.133103
milk_ana	milk_aer	CHCC5614	tyr__L	-0.099071
milk_ana	milk_aer	CHCC5614	his__L	-0.0680643
milk_ana	milk_aer	CHCC5614	trp__L	-0.0408387
milk_ana	milk_aer	CHCC5614	mg2	-0.00623253
milk_ana	milk_aer	CHCC5614	cl	-0.00373952
milk_ana	milk_aer	CHCC5614	ca2	-0.00373952
milk_ana	milk_aer	CHCC5614	cu2	-0.000509379
milk_ana	milk_aer	CHCC5614	mn2	-0.000496447
milk_ana	milk_aer	CHCC5614	fol	-0.000480641
milk_ana	milk_aer	CHCC5614	ribflv	-0.000320427
milk_ana	milk_aer	CHCC5614	zn2	-0.00024499
milk_ana	milk_aer	CHCC5614	thm	-0.000160214
milk_ana	milk_aer	CHCC5614	cobalt2	-7.18447e-05
milk_ana	milk_aer	CHCC5614	s	0.220831
milk_ana	milk_aer	CHCC5614	pdima	0.251902
milk_ana	milk_aer	CHCC5614	succ	0.541708
milk_ana	milk_aer	CHCC5614	ala__L	0.724067
milk_ana	milk_aer	CHCC5614	4abut	7.39022
milk_ana	milk_aer	CHCC5614	ser__L	9.22819
milk_ana	milk_aer	CHCC5614	fe2	9.98957
milk_ana	milk_aer	CHCC5614	h2o	42.1478
milk_ana	milk_aer	CHCC5614	acald	46.6321
milk_ana	milk_aer	CHCC5614	co2	58.1566
milk_ana	milk_ana	CHCC6086	glc__D	-10
milk_ana	milk_ana	CHCC6086	ser__L	-10
milk_ana	milk_ana	CHCC6086	thr__L	-10
milk_ana	milk_ana	CHCC6086	glu__L	-10
milk_ana	milk_ana	CHCC6086	lcts	-10
milk_ana	milk_ana	CHCC6086	trp__L	-10
milk_ana	milk_ana	CHCC6086	gly	-4.16497
milk_ana	milk_ana	CHCC6086	asp__L	-0.722338
milk_ana	milk_ana	CHCC6086	pi	-0.688811
milk_ana	milk_ana	CHCC6086	gln__L	-0.492535
milk_ana	milk_ana	CHCC6086	nh4	-0.32034
milk_ana	milk_ana	CHCC6086	leu__L	-0.314708
milk_ana	milk_ana	CHCC6086	val__L	-0.295992
milk_ana	milk_ana	CHCC6086	lys__L	-0.239707
milk_ana	milk_ana	CHCC6086	ura	-0.231069
milk_ana	milk_ana	CHCC6086	orn	-0.206618
milk_ana	milk_ana	CHCC6086	so4	-0.174913
milk_ana	milk_ana	CHCC6086	gua	-0.16959
milk_ana	milk_ana	CHCC6086	pro__L	-0.154413
milk_ana	milk_ana	CHCC6086	ade	-0.142707
milk_ana	milk_ana	CHCC6086	k	-0.136347
milk_ana	milk_ana	CHCC6086	phe__L	-0.129412
milk_ana	milk_ana	CHCC6086	tyr__L	-0.0963239
milk_ana	milk_ana	CHCC6086	his__L	-0.0661769
milk_ana	milk_ana	CHCC6086	mg2	-0.00605971
milk_ana	milk_ana	CHCC6086	fe3	-0.00545409
milk_ana	milk_ana	CHCC6086	fe2	-0.0046906
milk_ana	milk_ana	CHCC6086	cl	-0.00363583
milk_ana	milk_ana	CHCC6086	ca2	-0.00363583
milk_ana	milk_ana	CHCC6086	cu2	-0.000495255
milk_ana	milk_ana	CHCC6086	mn2	-0.000482681
milk_ana	milk_ana	CHCC6086	ribflv	-0.000311543
milk_ana	milk_ana	CHCC6086	zn2	-0.000238197
milk_ana	milk_ana	CHCC6086	thm	-0.000155771
milk_ana	milk_ana	CHCC6086	cobalt2	-6.98526e-05
milk_ana	milk_ana	CHCC6086	glyclt	0.000467314
milk_ana	milk_ana	CHCC6086	succ	0.206549
milk_ana	milk_ana	CHCC6086	h	6.50085
milk_ana	milk_ana	CHCC6086	ile__L	9.61985
milk_ana	milk_ana	CHCC6086	id3acald	9.96029
milk_ana	milk_ana	CHCC6086	4abut	10.0546
milk_ana	milk_ana	CHCC6086	for	17.3058
milk_ana	milk_ana	CHCC6086	ala__L	22.844
milk_ana	milk_ana	CHCC6086	h2o	35.6411
milk_ana	milk_ana	CHCC6086	acald	36.5092
milk_ana	milk_ana	CHCC6086	co2	48.1888
milk_ana	milk_ana	CHCC10675	glc__D	-10
milk_ana	milk_ana	CHCC10675	nh4	-10
milk_ana	milk_ana	CHCC10675	gly	-10
milk_ana	milk_ana	CHCC10675	ser__L	-10
milk_ana	milk_ana	CHCC10675	orn	-10
milk_ana	milk_ana	CHCC10675	glu__L	-10
milk_ana	milk_ana	CHCC10675	lcts	-10
milk_ana	milk_ana	CHCC10675	asp__L	-0.915573
milk_ana	milk_ana	CHCC10675	pi	-0.873078
milk_ana	milk_ana	CHCC10675	gln__L	-0.623703
milk_ana	milk_ana	CHCC10675	leu__L	-0.398896
milk_ana	milk_ana	CHCC10675	val__L	-0.375174
milk_ana	milk_ana	CHCC10675	lys__L	-0.303832
milk_ana	milk_ana	CHCC10675	ura	-0.292883
milk_ana	milk_ana	CHCC10675	ile__L	-0.257232
milk_ana	milk_ana	CHCC10675	thr__L	-0.224612
milk_ana	milk_ana	CHCC10675	so4	-0.221705
milk_ana	milk_ana	CHCC10675	gua	-0.214365
milk_ana	milk_ana	CHCC10675	ade	-0.180883
milk_ana	milk_ana	CHCC10675	k	-0.172822
milk_ana	milk_ana	CHCC10675	phe__L	-0.164032
milk_ana	milk_ana	CHCC10675	tyr__L	-0.122092
milk_ana	milk_ana	CHCC10675	his__L	-0.0838802
milk_ana	milk_ana	CHCC10675	trp__L	-0.0503283
milk_ana	milk_ana	CHCC10675	mg2	-0.00768077
milk_ana	milk_ana	CHCC10675	fe3	-0.00691313
milk_ana	milk_ana	CHCC10675	fe2	-0.0059454
milk_ana	milk_ana	CHCC10675	cl	-0.00460846
milk_ana	milk_ana	CHCC10675	ca2	-0.00460846
milk_ana	milk_ana	CHCC10675	cu2	-0.000627742
milk_ana	milk_ana	CHCC10675	mn2	-0.000611805
milk_ana	milk_ana	CHCC10675	fol	-0.000592327
milk_ana	milk_ana	CHCC10675	ribflv	-0.000394884
milk_ana	milk_ana	CHCC10675	zn2	-0.000301918
milk_ana	milk_ana	CHCC10675	thm	-0.000197442
milk_ana	milk_ana	CHCC10675	cobalt2	-8.85391e-05
milk_ana	milk_ana	CHCC10675	succ	0.261892
milk_ana	milk_ana	CHCC10675	h	7.99846
milk_ana	milk_ana	CHCC10675	pro__L	9.61146
milk_ana	milk_ana	CHCC10675	4abut	10
milk_ana	milk_ana	CHCC10675	btd_RR	16.3347
milk_ana	milk_ana	CHCC10675	ala__L	37.7081
milk_ana	milk_ana	CHCC10675	h2o	39.2798
milk_ana	milk_ana	CHCC10675	co2	46.7715
milk_ana	milk_aer	CHCC4895	glc__D	-10
milk_ana	milk_aer	CHCC4895	ala__L	-10
milk_ana	milk_aer	CHCC4895	nh4	-10
milk_ana	milk_aer	CHCC4895	gly	-10
milk_ana	milk_aer	CHCC4895	ser__L	-10
milk_ana	milk_aer	CHCC4895	thr__L	-10
milk_ana	milk_aer	CHCC4895	lcts	-10
milk_ana	milk_aer	CHCC4895	o2	-2.68145
milk_ana	milk_aer	CHCC4895	pi	-0.550211
milk_ana	milk_aer	CHCC4895	gln__L	-0.423971
milk_ana	milk_aer	CHCC4895	asp__L	-0.410677
milk_ana	milk_aer	CHCC4895	leu__L	-0.251383
milk_ana	milk_aer	CHCC4895	lys__L	-0.191474
milk_ana	milk_aer	CHCC4895	ura	-0.184574
milk_ana	milk_aer	CHCC4895	orn	-0.165043
milk_ana	milk_aer	CHCC4895	so4	-0.139718
milk_ana	milk_aer	CHCC4895	gua	-0.135465
milk_ana	milk_aer	CHCC4895	pro__L	-0.123342
milk_ana	milk_aer	CHCC4895	ade	-0.113992
milk_ana	milk_aer	CHCC4895	k	-0.108912
milk_ana	milk_aer	CHCC4895	his__L	-0.052861
milk_ana	milk_aer	CHCC4895	mg2	-0.0048404
milk_ana	milk_aer	CHCC4895	fe3	-0.00435664
milk_ana	milk_aer	CHCC4895	fe2	-0.00374677
milk_ana	milk_aer	CHCC4895	cl	-0.00290424
milk_ana	milk_aer	CHCC4895	ca2	-0.00290424
milk_ana	milk_aer	CHCC4895	nac	-0.00127106
milk_ana	milk_aer	CHCC4895	cu2	-0.000395601
milk_ana	milk_aer	CHCC4895	mn2	-0.000385558
milk_ana	milk_aer	CHCC4895	pnto__R	-0.000321391
milk_ana	milk_aer	CHCC4895	ribflv	-0.000248855
milk_ana	milk_aer	CHCC4895	zn2	-0.000190268
milk_ana	milk_aer	CHCC4895	thm	-0.000124427
milk_ana	milk_aer	CHCC4895	cobalt2	-5.57971e-05
milk_ana	milk_aer	CHCC4895	glyclt	0.000373282
milk_ana	milk_aer	CHCC4895	succ	0.0740734
milk_ana	milk_aer	CHCC4895	for	1.91034
milk_ana	milk_aer	CHCC4895	diact	3.72635
milk_ana	milk_aer	CHCC4895	ile__L	9.69634
milk_ana	milk_aer	CHCC4895	h	11.269
milk_ana	milk_aer	CHCC4895	ser__D	13.7351
milk_ana	milk_aer	CHCC4895	val__L	24.4453
milk_ana	milk_aer	CHCC4895	co2	47.652
milk_ana	milk_aer	CHCC4895	h2o	58.0263
milk_ana	mm_aer	CHCC4895	
milk_ana	milk_aer	CHCC10675	glc__D	-10
milk_ana	milk_aer	CHCC10675	nh4	-10
milk_ana	milk_aer	CHCC10675	gly	-10
milk_ana	milk_aer	CHCC10675	ser__L	-10
milk_ana	milk_aer	CHCC10675	orn	-10
milk_ana	milk_aer	CHCC10675	o2	-10
milk_ana	milk_aer	CHCC10675	glu__L	-10
milk_ana	milk_aer	CHCC10675	lcts	-10
milk_ana	milk_aer	CHCC10675	xan	-10
milk_ana	milk_aer	CHCC10675	asp__L	-1.57995
milk_ana	milk_aer	CHCC10675	pi	-1.50662
milk_ana	milk_aer	CHCC10675	gln__L	-1.07629
milk_ana	milk_aer	CHCC10675	val__L	-0.933279
milk_ana	milk_aer	CHCC10675	lys__L	-0.524305
milk_ana	milk_aer	CHCC10675	ura	-0.505411
milk_ana	milk_aer	CHCC10675	ile__L	-0.44389
milk_ana	milk_aer	CHCC10675	leu__L	-0.402489
milk_ana	milk_aer	CHCC10675	thr__L	-0.3876
milk_ana	milk_aer	CHCC10675	so4	-0.382583
milk_ana	milk_aer	CHCC10675	gua	-0.369917
milk_ana	milk_aer	CHCC10675	ade	-0.312139
milk_ana	milk_aer	CHCC10675	k	-0.298229
milk_ana	milk_aer	CHCC10675	phe__L	-0.283061
milk_ana	milk_aer	CHCC10675	tyr__L	-0.210687
milk_ana	milk_aer	CHCC10675	his__L	-0.144747
milk_ana	milk_aer	CHCC10675	trp__L	-0.0868486
milk_ana	milk_aer	CHCC10675	mg2	-0.0132543
milk_ana	milk_aer	CHCC10675	fe3	-0.0119296
milk_ana	milk_aer	CHCC10675	fe2	-0.0102596
milk_ana	milk_aer	CHCC10675	cl	-0.00795256
milk_ana	milk_aer	CHCC10675	ca2	-0.00795256
milk_ana	milk_aer	CHCC10675	cu2	-0.00108326
milk_ana	milk_aer	CHCC10675	mn2	-0.00105576
milk_ana	milk_aer	CHCC10675	fol	-0.00102214
milk_ana	milk_aer	CHCC10675	ribflv	-0.000681429
milk_ana	milk_aer	CHCC10675	zn2	-0.000521003
milk_ana	milk_aer	CHCC10675	thm	-0.000340715
milk_ana	milk_aer	CHCC10675	cobalt2	-0.000152787
milk_ana	milk_aer	CHCC10675	succ	0.571133
milk_ana	milk_aer	CHCC10675	h	6.78495
milk_ana	milk_aer	CHCC10675	pro__L	9.21033
milk_ana	milk_aer	CHCC10675	4abut	10
milk_ana	milk_aer	CHCC10675	urate	10
milk_ana	milk_aer	CHCC10675	btd_RR	13.9856
milk_ana	milk_aer	CHCC10675	ala__L	36.1642
milk_ana	milk_aer	CHCC10675	co2	49.9185
milk_ana	milk_aer	CHCC10675	h2o	51.1927
milk_ana	milk_ana	CHCC4895	glc__D	-10
milk_ana	milk_ana	CHCC4895	ala__L	-10
milk_ana	milk_ana	CHCC4895	gly	-10
milk_ana	milk_ana	CHCC4895	ser__L	-10
milk_ana	milk_ana	CHCC4895	thr__L	-10
milk_ana	milk_ana	CHCC4895	lcts	-10
milk_ana	milk_ana	CHCC4895	glu__L	-8.72325
milk_ana	milk_ana	CHCC4895	asp__L	-1.56612
milk_ana	milk_ana	CHCC4895	gln__L	-0.543407
milk_ana	milk_ana	CHCC4895	pi	-0.534153
milk_ana	milk_ana	CHCC4895	leu__L	-0.244046
milk_ana	milk_ana	CHCC4895	lys__L	-0.185886
milk_ana	milk_ana	CHCC4895	ura	-0.179187
milk_ana	milk_ana	CHCC4895	orn	-0.160226
milk_ana	milk_ana	CHCC4895	so4	-0.13564
milk_ana	milk_ana	CHCC4895	gua	-0.131512
milk_ana	milk_ana	CHCC4895	pro__L	-0.119742
milk_ana	milk_ana	CHCC4895	ade	-0.110665
milk_ana	milk_ana	CHCC4895	k	-0.105733
milk_ana	milk_ana	CHCC4895	his__L	-0.0513183
milk_ana	milk_ana	CHCC4895	mg2	-0.00469913
milk_ana	milk_ana	CHCC4895	fe3	-0.00422948
milk_ana	milk_ana	CHCC4895	fe2	-0.00363742
milk_ana	milk_ana	CHCC4895	cl	-0.00281948
milk_ana	milk_ana	CHCC4895	ca2	-0.00281948
milk_ana	milk_ana	CHCC4895	nac	-0.00123396
milk_ana	milk_ana	CHCC4895	cu2	-0.000384055
milk_ana	milk_ana	CHCC4895	mn2	-0.000374305
milk_ana	milk_ana	CHCC4895	pnto__R	-0.000312011
milk_ana	milk_ana	CHCC4895	ribflv	-0.000241592
milk_ana	milk_ana	CHCC4895	zn2	-0.000184715
milk_ana	milk_ana	CHCC4895	thm	-0.000120796
milk_ana	milk_ana	CHCC4895	cobalt2	-5.41686e-05
milk_ana	milk_ana	CHCC4895	for	0.000362388
milk_ana	milk_ana	CHCC4895	glyclt	0.000362388
milk_ana	milk_ana	CHCC4895	nh4	2.69308
milk_ana	milk_ana	CHCC4895	h	4.23749
milk_ana	milk_ana	CHCC4895	succ	8.92697
milk_ana	milk_ana	CHCC4895	ile__L	9.70521
milk_ana	milk_ana	CHCC4895	val__L	35.6947
milk_ana	milk_ana	CHCC4895	h2o	55.8968
milk_ana	milk_ana	CHCC4895	co2	63.3035
milk_ana	mm_aer	CHCC10675	
milk_ana	mm_ana	CHCC5614	
milk_ana	mm_aer	CHCC5614	
milk_ana	milk_ana	CHCC5614	glc__D	-10
milk_ana	milk_ana	CHCC5614	h	-10
milk_ana	milk_ana	CHCC5614	gly	-10
milk_ana	milk_ana	CHCC5614	fe3	-10
milk_ana	milk_ana	CHCC5614	glu__L	-10
milk_ana	milk_ana	CHCC5614	lcts	-10
milk_ana	milk_ana	CHCC5614	so4	-4.76504
milk_ana	milk_ana	CHCC5614	asp__L	-0.550776
milk_ana	milk_ana	CHCC5614	pi	-0.438568
milk_ana	milk_ana	CHCC5614	nh4	-0.426401
milk_ana	milk_ana	CHCC5614	cit	-0.222416
milk_ana	milk_ana	CHCC5614	leu__L	-0.200375
milk_ana	milk_ana	CHCC5614	gua	-0.198542
milk_ana	milk_ana	CHCC5614	val__L	-0.188459
milk_ana	milk_ana	CHCC5614	lys__L	-0.152622
milk_ana	milk_ana	CHCC5614	ura	-0.147122
milk_ana	milk_ana	CHCC5614	orn	-0.131554
milk_ana	milk_ana	CHCC5614	ile__L	-0.129214
milk_ana	milk_ana	CHCC5614	thr__L	-0.112828
milk_ana	milk_ana	CHCC5614	k	-0.0868127
milk_ana	milk_ana	CHCC5614	phe__L	-0.0823972
milk_ana	milk_ana	CHCC5614	tyr__L	-0.0613297
milk_ana	milk_ana	CHCC5614	his__L	-0.042135
milk_ana	milk_ana	CHCC5614	trp__L	-0.0252811
milk_ana	milk_ana	CHCC5614	mg2	-0.00385823
milk_ana	milk_ana	CHCC5614	cl	-0.00231494
milk_ana	milk_ana	CHCC5614	ca2	-0.00231494
milk_ana	milk_ana	CHCC5614	cu2	-0.00031533
milk_ana	milk_ana	CHCC5614	mn2	-0.000307324
milk_ana	milk_ana	CHCC5614	fol	-0.00029754
milk_ana	milk_ana	CHCC5614	ribflv	-0.00019836
milk_ana	milk_ana	CHCC5614	zn2	-0.000151661
milk_ana	milk_ana	CHCC5614	thm	-9.91799e-05
milk_ana	milk_ana	CHCC5614	cobalt2	-4.44753e-05
milk_ana	milk_ana	CHCC5614	s	0.136705
milk_ana	milk_ana	CHCC5614	pdima	0.155939
milk_ana	milk_ana	CHCC5614	succ	0.222416
milk_ana	milk_ana	CHCC5614	ala__L	0.999008
milk_ana	milk_ana	CHCC5614	pro__L	3.52499
milk_ana	milk_ana	CHCC5614	h2s	4.51697
milk_ana	milk_ana	CHCC5614	4abut	4.76112
milk_ana	milk_ana	CHCC5614	ser__L	9.52221
milk_ana	milk_ana	CHCC5614	fe2	9.99354
milk_ana	milk_ana	CHCC5614	h2o	39.138
milk_ana	milk_ana	CHCC5614	acald	51.5507
milk_ana	milk_ana	CHCC5614	co2	55.3865
milk_ana	mm_ana	CHCC10675	
milk_ana	mm_aer	CHCC6086	
milk_aer	milk_aer	CHCC6086	glc__D	-10
milk_aer	milk_aer	CHCC6086	gly	-10
milk_aer	milk_aer	CHCC6086	ser__L	-10
milk_aer	milk_aer	CHCC6086	o2	-10
milk_aer	milk_aer	CHCC6086	glu__L	-10
milk_aer	milk_aer	CHCC6086	lcts	-10
milk_aer	milk_aer	CHCC6086	asp__L	-1.42846
milk_aer	milk_aer	CHCC6086	pi	-1.36216
milk_aer	milk_aer	CHCC6086	gln__L	-0.974015
milk_aer	milk_aer	CHCC6086	leu__L	-0.622351
milk_aer	milk_aer	CHCC6086	val__L	-0.58534
milk_aer	milk_aer	CHCC6086	lys__L	-0.474033
milk_aer	milk_aer	CHCC6086	ura	-0.456951
milk_aer	milk_aer	CHCC6086	orn	-0.408599
milk_aer	milk_aer	CHCC6086	ile__L	-0.401329
milk_aer	milk_aer	CHCC6086	thr__L	-0.350436
milk_aer	milk_aer	CHCC6086	so4	-0.3459
milk_aer	milk_aer	CHCC6086	gua	-0.335372
milk_aer	milk_aer	CHCC6086	pro__L	-0.305359
milk_aer	milk_aer	CHCC6086	ade	-0.28221
milk_aer	milk_aer	CHCC6086	k	-0.269634
milk_aer	milk_aer	CHCC6086	phe__L	-0.25592
milk_aer	milk_aer	CHCC6086	tyr__L	-0.190486
milk_aer	milk_aer	CHCC6086	his__L	-0.130868
milk_aer	milk_aer	CHCC6086	trp__L	-0.0785213
milk_aer	milk_aer	CHCC6086	mg2	-0.0119834
milk_aer	milk_aer	CHCC6086	fe3	-0.0107858
milk_aer	milk_aer	CHCC6086	fe2	-0.00927591
milk_aer	milk_aer	CHCC6086	cl	-0.00719004
milk_aer	milk_aer	CHCC6086	ca2	-0.00719004
milk_aer	milk_aer	CHCC6086	cu2	-0.000979393
milk_aer	milk_aer	CHCC6086	mn2	-0.000954528
milk_aer	milk_aer	CHCC6086	ribflv	-0.000616092
milk_aer	milk_aer	CHCC6086	zn2	-0.000471048
milk_aer	milk_aer	CHCC6086	thm	-0.000308046
milk_aer	milk_aer	CHCC6086	cobalt2	-0.000138137
milk_aer	milk_aer	CHCC6086	glyclt	0.000924138
milk_aer	milk_aer	CHCC6086	fum	0.408599
milk_aer	milk_aer	CHCC6086	nh4	4.06852
milk_aer	milk_aer	CHCC6086	4abut	10.1078
milk_aer	milk_aer	CHCC6086	h	11.2323
milk_aer	milk_aer	CHCC6086	ala__L	12.7643
milk_aer	milk_aer	CHCC6086	for	27.5258
milk_aer	milk_aer	CHCC6086	h2o	36.351
milk_aer	milk_aer	CHCC6086	co2	45.9069
milk_aer	milk_aer	CHCC6086	acald	52.6677
milk_aer	mm_ana	CHCC4895	
milk_aer	mm_ana	CHCC6086	
milk_aer	milk_aer	CHCC5614	glc__D	-10
milk_aer	milk_aer	CHCC5614	gly	-10
milk_aer	milk_aer	CHCC5614	fe3	-10
milk_aer	milk_aer	CHCC5614	o2	-10
milk_aer	milk_aer	CHCC5614	glu__L	-10
milk_aer	milk_aer	CHCC5614	lcts	-10
milk_aer	milk_aer	CHCC5614	h	-0.963836
milk_aer	milk_aer	CHCC5614	pi	-0.708456
milk_aer	milk_aer	CHCC5614	nh4	-0.688801
milk_aer	milk_aer	CHCC5614	cit	-0.541708
milk_aer	milk_aer	CHCC5614	so4	-0.400732
milk_aer	milk_aer	CHCC5614	leu__L	-0.323683
milk_aer	milk_aer	CHCC5614	gua	-0.320722
milk_aer	milk_aer	CHCC5614	val__L	-0.304433
milk_aer	milk_aer	CHCC5614	lys__L	-0.246543
milk_aer	milk_aer	CHCC5614	ura	-0.237659
milk_aer	milk_aer	CHCC5614	orn	-0.212511
milk_aer	milk_aer	CHCC5614	ile__L	-0.20873
milk_aer	milk_aer	CHCC5614	thr__L	-0.182261
milk_aer	milk_aer	CHCC5614	pro__L	-0.158816
milk_aer	milk_aer	CHCC5614	gal	-0.14049
milk_aer	milk_aer	CHCC5614	k	-0.140236
milk_aer	milk_aer	CHCC5614	phe__L	-0.133103
milk_aer	milk_aer	CHCC5614	tyr__L	-0.099071
milk_aer	milk_aer	CHCC5614	his__L	-0.0680643
milk_aer	milk_aer	CHCC5614	trp__L	-0.0408387
milk_aer	milk_aer	CHCC5614	mg2	-0.00623253
milk_aer	milk_aer	CHCC5614	cl	-0.00373952
milk_aer	milk_aer	CHCC5614	ca2	-0.00373952
milk_aer	milk_aer	CHCC5614	cu2	-0.000509379
milk_aer	milk_aer	CHCC5614	mn2	-0.000496447
milk_aer	milk_aer	CHCC5614	fol	-0.000480641
milk_aer	milk_aer	CHCC5614	ribflv	-0.000320427
milk_aer	milk_aer	CHCC5614	zn2	-0.00024499
milk_aer	milk_aer	CHCC5614	thm	-0.000160214
milk_aer	milk_aer	CHCC5614	cobalt2	-7.18447e-05
milk_aer	milk_aer	CHCC5614	s	0.220831
milk_aer	milk_aer	CHCC5614	pdima	0.251902
milk_aer	milk_aer	CHCC5614	succ	0.541708
milk_aer	milk_aer	CHCC5614	ala__L	0.724067
milk_aer	milk_aer	CHCC5614	4abut	7.39022
milk_aer	milk_aer	CHCC5614	ser__L	9.22819
milk_aer	milk_aer	CHCC5614	fe2	9.98957
milk_aer	milk_aer	CHCC5614	h2o	42.1478
milk_aer	milk_aer	CHCC5614	acald	46.6321
milk_aer	milk_aer	CHCC5614	co2	58.1566
milk_aer	milk_ana	CHCC6086	glc__D	-10
milk_aer	milk_ana	CHCC6086	h	-10
milk_aer	milk_ana	CHCC6086	nh4	-10
milk_aer	milk_ana	CHCC6086	gln__L	-10
milk_aer	milk_ana	CHCC6086	gly	-10
milk_aer	milk_ana	CHCC6086	glu__L	-10
milk_aer	milk_ana	CHCC6086	lcts	-10
milk_aer	milk_ana	CHCC6086	so4	-5
milk_aer	milk_ana	CHCC6086	12ppd__S	1.16071
milk_aer	milk_ana	CHCC6086	ser__L	5
milk_aer	milk_ana	CHCC6086	h2s	5
milk_aer	milk_ana	CHCC6086	acald	17.3214
milk_aer	milk_ana	CHCC6086	4abut	20
milk_aer	milk_ana	CHCC6086	h2o	21.1607
milk_aer	milk_ana	CHCC6086	ala__L	25
milk_aer	milk_ana	CHCC6086	co2	42.3214
milk_aer	milk_ana	CHCC10675	glc__D	-10
milk_aer	milk_ana	CHCC10675	nh4	-10
milk_aer	milk_ana	CHCC10675	gly	-10
milk_aer	milk_ana	CHCC10675	ser__L	-10
milk_aer	milk_ana	CHCC10675	orn	-10
milk_aer	milk_ana	CHCC10675	glu__L	-10
milk_aer	milk_ana	CHCC10675	lcts	-10
milk_aer	milk_ana	CHCC10675	asp__L	-0.915583
milk_aer	milk_ana	CHCC10675	pi	-0.873087
milk_aer	milk_ana	CHCC10675	gln__L	-0.62371
milk_aer	milk_ana	CHCC10675	leu__L	-0.3989
milk_aer	milk_ana	CHCC10675	val__L	-0.375178
milk_aer	milk_ana	CHCC10675	lys__L	-0.303835
milk_aer	milk_ana	CHCC10675	ura	-0.292886
milk_aer	milk_ana	CHCC10675	ile__L	-0.257234
milk_aer	milk_ana	CHCC10675	thr__L	-0.224615
milk_aer	milk_ana	CHCC10675	so4	-0.221707
milk_aer	milk_ana	CHCC10675	gua	-0.214367
milk_aer	milk_ana	CHCC10675	ade	-0.180885
milk_aer	milk_ana	CHCC10675	k	-0.172824
milk_aer	milk_ana	CHCC10675	phe__L	-0.164034
milk_aer	milk_ana	CHCC10675	tyr__L	-0.122093
milk_aer	milk_ana	CHCC10675	his__L	-0.0838811
milk_aer	milk_ana	CHCC10675	trp__L	-0.0503288
milk_aer	milk_ana	CHCC10675	mg2	-0.00768085
milk_aer	milk_ana	CHCC10675	fe3	-0.00691321
milk_aer	milk_ana	CHCC10675	fe2	-0.00594546
milk_aer	milk_ana	CHCC10675	cl	-0.00460851
milk_aer	milk_ana	CHCC10675	ca2	-0.00460851
milk_aer	milk_ana	CHCC10675	cu2	-0.000627749
milk_aer	milk_ana	CHCC10675	mn2	-0.000611812
milk_aer	milk_ana	CHCC10675	fol	-0.000592333
milk_aer	milk_ana	CHCC10675	ribflv	-0.000394889
milk_aer	milk_ana	CHCC10675	zn2	-0.000301922
milk_aer	milk_ana	CHCC10675	thm	-0.000197444
milk_aer	milk_ana	CHCC10675	cobalt2	-8.854e-05
milk_aer	milk_ana	CHCC10675	succ	0.261894
milk_aer	milk_ana	CHCC10675	h	7.99843
milk_aer	milk_ana	CHCC10675	pro__L	9.61146
milk_aer	milk_ana	CHCC10675	4abut	10
milk_aer	milk_ana	CHCC10675	btd_RR	16.3347
milk_aer	milk_ana	CHCC10675	ala__L	37.7081
milk_aer	milk_ana	CHCC10675	h2o	39.2799
milk_aer	milk_ana	CHCC10675	co2	46.7715
milk_aer	milk_aer	CHCC4895	glc__D	-10
milk_aer	milk_aer	CHCC4895	ala__L	-10
milk_aer	milk_aer	CHCC4895	nh4	-10
milk_aer	milk_aer	CHCC4895	gly	-10
milk_aer	milk_aer	CHCC4895	ser__L	-10
milk_aer	milk_aer	CHCC4895	thr__L	-10
milk_aer	milk_aer	CHCC4895	lcts	-10
milk_aer	milk_aer	CHCC4895	o2	-2.68145
milk_aer	milk_aer	CHCC4895	pi	-0.550211
milk_aer	milk_aer	CHCC4895	gln__L	-0.423971
milk_aer	milk_aer	CHCC4895	asp__L	-0.410677
milk_aer	milk_aer	CHCC4895	leu__L	-0.251383
milk_aer	milk_aer	CHCC4895	lys__L	-0.191474
milk_aer	milk_aer	CHCC4895	ura	-0.184574
milk_aer	milk_aer	CHCC4895	orn	-0.165043
milk_aer	milk_aer	CHCC4895	so4	-0.139718
milk_aer	milk_aer	CHCC4895	gua	-0.135465
milk_aer	milk_aer	CHCC4895	pro__L	-0.123342
milk_aer	milk_aer	CHCC4895	ade	-0.113992
milk_aer	milk_aer	CHCC4895	k	-0.108912
milk_aer	milk_aer	CHCC4895	his__L	-0.052861
milk_aer	milk_aer	CHCC4895	mg2	-0.0048404
milk_aer	milk_aer	CHCC4895	fe3	-0.00435664
milk_aer	milk_aer	CHCC4895	fe2	-0.00374677
milk_aer	milk_aer	CHCC4895	cl	-0.00290424
milk_aer	milk_aer	CHCC4895	ca2	-0.00290424
milk_aer	milk_aer	CHCC4895	nac	-0.00127106
milk_aer	milk_aer	CHCC4895	cu2	-0.000395601
milk_aer	milk_aer	CHCC4895	mn2	-0.000385558
milk_aer	milk_aer	CHCC4895	pnto__R	-0.000321391
milk_aer	milk_aer	CHCC4895	ribflv	-0.000248855
milk_aer	milk_aer	CHCC4895	zn2	-0.000190268
milk_aer	milk_aer	CHCC4895	thm	-0.000124427
milk_aer	milk_aer	CHCC4895	cobalt2	-5.57971e-05
milk_aer	milk_aer	CHCC4895	glyclt	0.000373282
milk_aer	milk_aer	CHCC4895	succ	0.0740734
milk_aer	milk_aer	CHCC4895	for	1.91034
milk_aer	milk_aer	CHCC4895	diact	3.72635
milk_aer	milk_aer	CHCC4895	ile__L	9.69634
milk_aer	milk_aer	CHCC4895	h	11.269
milk_aer	milk_aer	CHCC4895	ser__D	13.7351
milk_aer	milk_aer	CHCC4895	val__L	24.4453
milk_aer	milk_aer	CHCC4895	co2	47.652
milk_aer	milk_aer	CHCC4895	h2o	58.0263
milk_aer	mm_aer	CHCC4895	
milk_aer	milk_aer	CHCC10675	glc__D	-10
milk_aer	milk_aer	CHCC10675	nh4	-10
milk_aer	milk_aer	CHCC10675	gly	-10
milk_aer	milk_aer	CHCC10675	ser__L	-10
milk_aer	milk_aer	CHCC10675	orn	-10
milk_aer	milk_aer	CHCC10675	o2	-10
milk_aer	milk_aer	CHCC10675	glu__L	-10
milk_aer	milk_aer	CHCC10675	lcts	-10
milk_aer	milk_aer	CHCC10675	xan	-10
milk_aer	milk_aer	CHCC10675	asp__L	-1.57997
milk_aer	milk_aer	CHCC10675	pi	-1.50664
milk_aer	milk_aer	CHCC10675	gln__L	-1.0763
milk_aer	milk_aer	CHCC10675	val__L	-0.933279
milk_aer	milk_aer	CHCC10675	lys__L	-0.524311
milk_aer	milk_aer	CHCC10675	ura	-0.505417
milk_aer	milk_aer	CHCC10675	ile__L	-0.443895
milk_aer	milk_aer	CHCC10675	leu__L	-0.402504
milk_aer	milk_aer	CHCC10675	thr__L	-0.387605
milk_aer	milk_aer	CHCC10675	so4	-0.382587
milk_aer	milk_aer	CHCC10675	gua	-0.369921
milk_aer	milk_aer	CHCC10675	ade	-0.312142
milk_aer	milk_aer	CHCC10675	k	-0.298232
milk_aer	milk_aer	CHCC10675	phe__L	-0.283064
milk_aer	milk_aer	CHCC10675	tyr__L	-0.210689
milk_aer	milk_aer	CHCC10675	his__L	-0.144749
milk_aer	milk_aer	CHCC10675	trp__L	-0.0868496
milk_aer	milk_aer	CHCC10675	mg2	-0.0132544
milk_aer	milk_aer	CHCC10675	fe3	-0.0119297
milk_aer	milk_aer	CHCC10675	fe2	-0.0102597
milk_aer	milk_aer	CHCC10675	cl	-0.00795264
milk_aer	milk_aer	CHCC10675	ca2	-0.00795264
milk_aer	milk_aer	CHCC10675	cu2	-0.00108327
milk_aer	milk_aer	CHCC10675	mn2	-0.00105577
milk_aer	milk_aer	CHCC10675	fol	-0.00102216
milk_aer	milk_aer	CHCC10675	ribflv	-0.000681437
milk_aer	milk_aer	CHCC10675	zn2	-0.000521009
milk_aer	milk_aer	CHCC10675	thm	-0.000340718
milk_aer	milk_aer	CHCC10675	cobalt2	-0.000152788
milk_aer	milk_aer	CHCC10675	succ	0.571139
milk_aer	milk_aer	CHCC10675	h	6.78491
milk_aer	milk_aer	CHCC10675	pro__L	9.21032
milk_aer	milk_aer	CHCC10675	4abut	10
milk_aer	milk_aer	CHCC10675	urate	10
milk_aer	milk_aer	CHCC10675	btd_RR	13.9856
milk_aer	milk_aer	CHCC10675	ala__L	36.1642
milk_aer	milk_aer	CHCC10675	co2	49.9184
milk_aer	milk_aer	CHCC10675	h2o	51.1929
milk_aer	milk_ana	CHCC4895	glc__D	-10
milk_aer	milk_ana	CHCC4895	ala__L	-10
milk_aer	milk_ana	CHCC4895	gly	-10
milk_aer	milk_ana	CHCC4895	ser__L	-10
milk_aer	milk_ana	CHCC4895	thr__L	-10
milk_aer	milk_ana	CHCC4895	lcts	-10
milk_aer	milk_ana	CHCC4895	glu__L	-8.72325
milk_aer	milk_ana	CHCC4895	asp__L	-1.56612
milk_aer	milk_ana	CHCC4895	gln__L	-0.543407
milk_aer	milk_ana	CHCC4895	pi	-0.534153
milk_aer	milk_ana	CHCC4895	leu__L	-0.244046
milk_aer	milk_ana	CHCC4895	lys__L	-0.185886
milk_aer	milk_ana	CHCC4895	ura	-0.179187
milk_aer	milk_ana	CHCC4895	orn	-0.160226
milk_aer	milk_ana	CHCC4895	so4	-0.13564
milk_aer	milk_ana	CHCC4895	gua	-0.131512
milk_aer	milk_ana	CHCC4895	pro__L	-0.119742
milk_aer	milk_ana	CHCC4895	ade	-0.110665
milk_aer	milk_ana	CHCC4895	k	-0.105733
milk_aer	milk_ana	CHCC4895	his__L	-0.0513183
milk_aer	milk_ana	CHCC4895	mg2	-0.00469913
milk_aer	milk_ana	CHCC4895	fe3	-0.00422948
milk_aer	milk_ana	CHCC4895	fe2	-0.00363742
milk_aer	milk_ana	CHCC4895	cl	-0.00281948
milk_aer	milk_ana	CHCC4895	ca2	-0.00281948
milk_aer	milk_ana	CHCC4895	nac	-0.00123396
milk_aer	milk_ana	CHCC4895	cu2	-0.000384055
milk_aer	milk_ana	CHCC4895	mn2	-0.000374305
milk_aer	milk_ana	CHCC4895	pnto__R	-0.000312011
milk_aer	milk_ana	CHCC4895	ribflv	-0.000241592
milk_aer	milk_ana	CHCC4895	zn2	-0.000184715
milk_aer	milk_ana	CHCC4895	thm	-0.000120796
milk_aer	milk_ana	CHCC4895	cobalt2	-5.41686e-05
milk_aer	milk_ana	CHCC4895	for	0.000362388
milk_aer	milk_ana	CHCC4895	glyclt	0.000362388
milk_aer	milk_ana	CHCC4895	nh4	2.69308
milk_aer	milk_ana	CHCC4895	h	4.23749
milk_aer	milk_ana	CHCC4895	succ	8.92697
milk_aer	milk_ana	CHCC4895	ile__L	9.70521
milk_aer	milk_ana	CHCC4895	val__L	35.6947
milk_aer	milk_ana	CHCC4895	h2o	55.8968
milk_aer	milk_ana	CHCC4895	co2	63.3035
milk_aer	mm_aer	CHCC10675	
milk_aer	mm_ana	CHCC5614	
milk_aer	mm_aer	CHCC5614	
milk_aer	milk_ana	CHCC5614	glc__D	-10
milk_aer	milk_ana	CHCC5614	h	-10
milk_aer	milk_ana	CHCC5614	gly	-10
milk_aer	milk_ana	CHCC5614	fe3	-10
milk_aer	milk_ana	CHCC5614	glu__L	-10
milk_aer	milk_ana	CHCC5614	lcts	-10
milk_aer	milk_ana	CHCC5614	so4	-4.76504
milk_aer	milk_ana	CHCC5614	asp__L	-0.550776
milk_aer	milk_ana	CHCC5614	pi	-0.438568
milk_aer	milk_ana	CHCC5614	nh4	-0.426401
milk_aer	milk_ana	CHCC5614	cit	-0.222416
milk_aer	milk_ana	CHCC5614	leu__L	-0.200375
milk_aer	milk_ana	CHCC5614	gua	-0.198542
milk_aer	milk_ana	CHCC5614	val__L	-0.188459
milk_aer	milk_ana	CHCC5614	lys__L	-0.152622
milk_aer	milk_ana	CHCC5614	ura	-0.147122
milk_aer	milk_ana	CHCC5614	orn	-0.131554
milk_aer	milk_ana	CHCC5614	ile__L	-0.129214
milk_aer	milk_ana	CHCC5614	thr__L	-0.112828
milk_aer	milk_ana	CHCC5614	k	-0.0868127
milk_aer	milk_ana	CHCC5614	phe__L	-0.0823972
milk_aer	milk_ana	CHCC5614	tyr__L	-0.0613297
milk_aer	milk_ana	CHCC5614	his__L	-0.042135
milk_aer	milk_ana	CHCC5614	trp__L	-0.0252811
milk_aer	milk_ana	CHCC5614	mg2	-0.00385823
milk_aer	milk_ana	CHCC5614	cl	-0.00231494
milk_aer	milk_ana	CHCC5614	ca2	-0.00231494
milk_aer	milk_ana	CHCC5614	cu2	-0.00031533
milk_aer	milk_ana	CHCC5614	mn2	-0.000307324
milk_aer	milk_ana	CHCC5614	fol	-0.00029754
milk_aer	milk_ana	CHCC5614	ribflv	-0.00019836
milk_aer	milk_ana	CHCC5614	zn2	-0.000151661
milk_aer	milk_ana	CHCC5614	thm	-9.91799e-05
milk_aer	milk_ana	CHCC5614	cobalt2	-4.44753e-05
milk_aer	milk_ana	CHCC5614	s	0.136705
milk_aer	milk_ana	CHCC5614	pdima	0.155939
milk_aer	milk_ana	CHCC5614	succ	0.222416
milk_aer	milk_ana	CHCC5614	ala__L	0.999008
milk_aer	milk_ana	CHCC5614	pro__L	3.52499
milk_aer	milk_ana	CHCC5614	h2s	4.51697
milk_aer	milk_ana	CHCC5614	4abut	4.76112
milk_aer	milk_ana	CHCC5614	ser__L	9.52221
milk_aer	milk_ana	CHCC5614	fe2	9.99354
milk_aer	milk_ana	CHCC5614	h2o	39.138
milk_aer	milk_ana	CHCC5614	acald	51.5507
milk_aer	milk_ana	CHCC5614	co2	55.3865
milk_aer	mm_ana	CHCC10675	
milk_aer	mm_aer	CHCC6086	
mm_ana	milk_aer	CHCC6086	glc__D	-10
mm_ana	milk_aer	CHCC6086	ala__L	-10
mm_ana	milk_aer	CHCC6086	gly	-10
mm_ana	milk_aer	CHCC6086	ser__L	-10
mm_ana	milk_aer	CHCC6086	o2	-10
mm_ana	milk_aer	CHCC6086	glu__L	-10
mm_ana	milk_aer	CHCC6086	lcts	-10
mm_ana	milk_aer	CHCC6086	gln__L	-3.33652
mm_ana	milk_aer	CHCC6086	asp__L	-1.66834
mm_ana	milk_aer	CHCC6086	pi	-1.59091
mm_ana	milk_aer	CHCC6086	leu__L	-0.726862
mm_ana	milk_aer	CHCC6086	lys__L	-0.553637
mm_ana	milk_aer	CHCC6086	ura	-0.533686
mm_ana	milk_aer	CHCC6086	orn	-0.477214
mm_ana	milk_aer	CHCC6086	ile__L	-0.468723
mm_ana	milk_aer	CHCC6086	thr__L	-0.409285
mm_ana	milk_aer	CHCC6086	so4	-0.403986
mm_ana	milk_aer	CHCC6086	gua	-0.391691
mm_ana	milk_aer	CHCC6086	pro__L	-0.356638
mm_ana	milk_aer	CHCC6086	ade	-0.329601
mm_ana	milk_aer	CHCC6086	k	-0.314914
mm_ana	milk_aer	CHCC6086	phe__L	-0.298896
mm_ana	milk_aer	CHCC6086	tyr__L	-0.222474
mm_ana	milk_aer	CHCC6086	xan	-0.15471
mm_ana	milk_aer	CHCC6086	his__L	-0.152845
mm_ana	milk_aer	CHCC6086	trp__L	-0.0917074
mm_ana	milk_aer	CHCC6086	mg2	-0.0139958
mm_ana	milk_aer	CHCC6086	fe3	-0.012597
mm_ana	milk_aer	CHCC6086	fe2	-0.0108336
mm_ana	milk_aer	CHCC6086	cl	-0.00839746
mm_ana	milk_aer	CHCC6086	ca2	-0.00839746
mm_ana	milk_aer	CHCC6086	cu2	-0.00114386
mm_ana	milk_aer	CHCC6086	mn2	-0.00111482
mm_ana	milk_aer	CHCC6086	ribflv	-0.000719552
mm_ana	milk_aer	CHCC6086	zn2	-0.000550151
mm_ana	milk_aer	CHCC6086	thm	-0.000359776
mm_ana	milk_aer	CHCC6086	cobalt2	-0.000161334
mm_ana	milk_aer	CHCC6086	for	0.00107933
mm_ana	milk_aer	CHCC6086	glyclt	0.00107933
mm_ana	milk_aer	CHCC6086	urate	0.15471
mm_ana	milk_aer	CHCC6086	nh4	3.9121
mm_ana	milk_aer	CHCC6086	h	8.13991
mm_ana	milk_aer	CHCC6086	succ	12.802
mm_ana	milk_aer	CHCC6086	val__L	36.229
mm_ana	milk_aer	CHCC6086	co2	60.8437
mm_ana	milk_aer	CHCC6086	h2o	63.5299
mm_ana	mm_ana	CHCC4895	ade	-10
mm_ana	mm_ana	CHCC4895	lcts	-5.36202
mm_ana	mm_ana	CHCC4895	pi	-0.0726783
mm_ana	mm_ana	CHCC4895	ura	-0.0243807
mm_ana	mm_ana	CHCC4895	so4	-0.0184555
mm_ana	mm_ana	CHCC4895	gua	-0.0178938
mm_ana	mm_ana	CHCC4895	k	-0.0143864
mm_ana	mm_ana	CHCC4895	mg2	-0.000639376
mm_ana	mm_ana	CHCC4895	fe3	-0.000575476
mm_ana	mm_ana	CHCC4895	fe2	-0.000494918
mm_ana	mm_ana	CHCC4895	ca2	-0.000383626
mm_ana	mm_ana	CHCC4895	cl	-0.000383626
mm_ana	mm_ana	CHCC4895	nac	-0.000167896
mm_ana	mm_ana	CHCC4895	cu2	-5.22557e-05
mm_ana	mm_ana	CHCC4895	mn2	-5.0929e-05
mm_ana	mm_ana	CHCC4895	pnto__R	-4.24531e-05
mm_ana	mm_ana	CHCC4895	ribflv	-3.28717e-05
mm_ana	mm_ana	CHCC4895	zn2	-2.51328e-05
mm_ana	mm_ana	CHCC4895	thm	-1.64358e-05
mm_ana	mm_ana	CHCC4895	cobalt2	-7.37033e-06
mm_ana	mm_ana	CHCC4895	glyclt	4.93075e-05
mm_ana	mm_ana	CHCC4895	acald	1.59479
mm_ana	mm_ana	CHCC4895	h	1.79822
mm_ana	mm_ana	CHCC4895	for	1.93861
mm_ana	mm_ana	CHCC4895	h2o	5.12161
mm_ana	mm_ana	CHCC4895	val__L	9.3736
mm_ana	mm_ana	CHCC4895	co2	9.46779
mm_ana	mm_ana	CHCC4895	hxan	9.98494
mm_ana	mm_ana	CHCC6086	h	-10
mm_ana	mm_ana	CHCC6086	lcts	-10
mm_ana	mm_ana	CHCC6086	so4	-7.85352
mm_ana	mm_ana	CHCC6086	gua	-2.29586
mm_ana	mm_ana	CHCC6086	pi	-0.26806
mm_ana	mm_ana	CHCC6086	ura	-0.0899235
mm_ana	mm_ana	CHCC6086	ade	-0.0812899
mm_ana	mm_ana	CHCC6086	k	-0.0530614
mm_ana	mm_ana	CHCC6086	mg2	-0.00235822
mm_ana	mm_ana	CHCC6086	fe3	-0.00212253
mm_ana	mm_ana	CHCC6086	fe2	-0.00182541
mm_ana	mm_ana	CHCC6086	cl	-0.00141493
mm_ana	mm_ana	CHCC6086	ca2	-0.00141493
mm_ana	mm_ana	CHCC6086	cu2	-0.000192735
mm_ana	mm_ana	CHCC6086	mn2	-0.000187842
mm_ana	mm_ana	CHCC6086	ribflv	-0.000121241
mm_ana	mm_ana	CHCC6086	zn2	-9.26977e-05
mm_ana	mm_ana	CHCC6086	thm	-6.06205e-05
mm_ana	mm_ana	CHCC6086	cobalt2	-2.71841e-05
mm_ana	mm_ana	CHCC6086	glyclt	0.000181861
mm_ana	mm_ana	CHCC6086	urate	0.0162089
mm_ana	mm_ana	CHCC6086	succ	0.0803811
mm_ana	mm_ana	CHCC6086	xan	2.23941
mm_ana	mm_ana	CHCC6086	for	5.92717
mm_ana	mm_ana	CHCC6086	h2s	7.78545
mm_ana	mm_ana	CHCC6086	h2o	25.2763
mm_ana	mm_ana	CHCC6086	co2	31.4466
mm_ana	mm_ana	CHCC6086	acald	35.8382
mm_ana	milk_aer	CHCC5614	glc__D	-10
mm_ana	milk_aer	CHCC5614	h	-10
mm_ana	milk_aer	CHCC5614	ala__L	-10
mm_ana	milk_aer	CHCC5614	ser__L	-10
mm_ana	milk_aer	CHCC5614	fe3	-10
mm_ana	milk_aer	CHCC5614	o2	-10
mm_ana	milk_aer	CHCC5614	gal	-10
mm_ana	milk_aer	CHCC5614	lcts	-10
mm_ana	milk_aer	CHCC5614	gly	-9.56024
mm_ana	milk_aer	CHCC5614	gln__L	-4.02649
mm_ana	milk_aer	CHCC5614	asp__L	-0.98966
mm_ana	milk_aer	CHCC5614	pi	-0.788039
mm_ana	milk_aer	CHCC5614	cit	-0.522645
mm_ana	milk_aer	CHCC5614	so4	-0.445748
mm_ana	milk_aer	CHCC5614	leu__L	-0.360043
mm_ana	milk_aer	CHCC5614	gua	-0.35675
mm_ana	milk_aer	CHCC5614	lys__L	-0.274238
mm_ana	milk_aer	CHCC5614	ura	-0.264356
mm_ana	milk_aer	CHCC5614	orn	-0.236383
mm_ana	milk_aer	CHCC5614	ile__L	-0.232177
mm_ana	milk_aer	CHCC5614	thr__L	-0.202735
mm_ana	milk_aer	CHCC5614	pro__L	-0.176657
mm_ana	milk_aer	CHCC5614	k	-0.155989
mm_ana	milk_aer	CHCC5614	phe__L	-0.148055
mm_ana	milk_aer	CHCC5614	tyr__L	-0.1102
mm_ana	milk_aer	CHCC5614	his__L	-0.0757102
mm_ana	milk_aer	CHCC5614	trp__L	-0.0454263
mm_ana	milk_aer	CHCC5614	mg2	-0.00693265
mm_ana	milk_aer	CHCC5614	ca2	-0.00415959
mm_ana	milk_aer	CHCC5614	cl	-0.00415959
mm_ana	milk_aer	CHCC5614	cu2	-0.0005666
mm_ana	milk_aer	CHCC5614	mn2	-0.000552215
mm_ana	milk_aer	CHCC5614	fol	-0.000534633
mm_ana	milk_aer	CHCC5614	ribflv	-0.000356422
mm_ana	milk_aer	CHCC5614	zn2	-0.000272511
mm_ana	milk_aer	CHCC5614	thm	-0.000178211
mm_ana	milk_aer	CHCC5614	cobalt2	-7.99153e-05
mm_ana	milk_aer	CHCC5614	s	0.245637
mm_ana	milk_aer	CHCC5614	pdima	0.280199
mm_ana	milk_aer	CHCC5614	succ	0.522645
mm_ana	milk_aer	CHCC5614	glu__L	1.12354
mm_ana	milk_aer	CHCC5614	fe2	9.98839
mm_ana	milk_aer	CHCC5614	val__L	14.92
mm_ana	milk_aer	CHCC5614	nh4	18.4985
mm_ana	milk_aer	CHCC5614	h2o	58.9716
mm_ana	milk_aer	CHCC5614	acald	64.7975
mm_ana	milk_aer	CHCC5614	co2	87.0477
mm_ana	milk_ana	CHCC6086	glc__D	-10
mm_ana	milk_ana	CHCC6086	ala__L	-10
mm_ana	milk_ana	CHCC6086	gly	-10
mm_ana	milk_ana	CHCC6086	ser__L	-10
mm_ana	milk_ana	CHCC6086	glu__L	-10
mm_ana	milk_ana	CHCC6086	lcts	-10
mm_ana	milk_ana	CHCC6086	for	-3.53049
mm_ana	milk_ana	CHCC6086	gln__L	-2.64068
mm_ana	milk_ana	CHCC6086	asp__L	-0.99512
mm_ana	milk_ana	CHCC6086	pi	-0.948933
mm_ana	milk_ana	CHCC6086	leu__L	-0.433553
mm_ana	milk_ana	CHCC6086	lys__L	-0.330229
mm_ana	milk_ana	CHCC6086	ura	-0.318329
mm_ana	milk_ana	CHCC6086	orn	-0.284645
mm_ana	milk_ana	CHCC6086	ile__L	-0.279581
mm_ana	milk_ana	CHCC6086	thr__L	-0.244127
mm_ana	milk_ana	CHCC6086	so4	-0.240967
mm_ana	milk_ana	CHCC6086	gua	-0.233633
mm_ana	milk_ana	CHCC6086	pro__L	-0.212725
mm_ana	milk_ana	CHCC6086	ade	-0.196598
mm_ana	milk_ana	CHCC6086	k	-0.187837
mm_ana	milk_ana	CHCC6086	phe__L	-0.178283
mm_ana	milk_ana	CHCC6086	tyr__L	-0.132699
mm_ana	milk_ana	CHCC6086	his__L	-0.0911679
mm_ana	milk_ana	CHCC6086	trp__L	-0.0547009
mm_ana	milk_ana	CHCC6086	mg2	-0.00834809
mm_ana	milk_ana	CHCC6086	fe3	-0.00751376
mm_ana	milk_ana	CHCC6086	fe2	-0.00646195
mm_ana	milk_ana	CHCC6086	cl	-0.00500885
mm_ana	milk_ana	CHCC6086	ca2	-0.00500885
mm_ana	milk_ana	CHCC6086	cu2	-0.000682282
mm_ana	milk_ana	CHCC6086	mn2	-0.00066496
mm_ana	milk_ana	CHCC6086	ribflv	-0.000429193
mm_ana	milk_ana	CHCC6086	zn2	-0.00032815
mm_ana	milk_ana	CHCC6086	thm	-0.000214596
mm_ana	milk_ana	CHCC6086	cobalt2	-9.62316e-05
mm_ana	milk_ana	CHCC6086	glyclt	0.000643789
mm_ana	milk_ana	CHCC6086	nh4	0.900321
mm_ana	milk_ana	CHCC6086	h	8.09358
mm_ana	milk_ana	CHCC6086	succ	12.3219
mm_ana	milk_ana	CHCC6086	val__L	40.4849
mm_ana	milk_ana	CHCC6086	h2o	54.0493
mm_ana	milk_ana	CHCC6086	co2	55.0491
mm_ana	milk_ana	CHCC10675	glc__D	-10
mm_ana	milk_ana	CHCC10675	ala__L	-10
mm_ana	milk_ana	CHCC10675	nh4	-10
mm_ana	milk_ana	CHCC10675	gly	-10
mm_ana	milk_ana	CHCC10675	ser__L	-10
mm_ana	milk_ana	CHCC10675	orn	-10
mm_ana	milk_ana	CHCC10675	glu__L	-10
mm_ana	milk_ana	CHCC10675	lcts	-10
mm_ana	milk_ana	CHCC10675	asp__L	-0.916104
mm_ana	milk_ana	CHCC10675	pi	-0.873098
mm_ana	milk_ana	CHCC10675	gln__L	-0.623718
mm_ana	milk_ana	CHCC10675	leu__L	-0.398905
mm_ana	milk_ana	CHCC10675	val__L	-0.375183
mm_ana	milk_ana	CHCC10675	lys__L	-0.303839
mm_ana	milk_ana	CHCC10675	ura	-0.29289
mm_ana	milk_ana	CHCC10675	ile__L	-0.257238
mm_ana	milk_ana	CHCC10675	thr__L	-0.224617
mm_ana	milk_ana	CHCC10675	so4	-0.22171
mm_ana	milk_ana	CHCC10675	gua	-0.21437
mm_ana	milk_ana	CHCC10675	ade	-0.180887
mm_ana	milk_ana	CHCC10675	k	-0.172826
mm_ana	milk_ana	CHCC10675	phe__L	-0.164036
mm_ana	milk_ana	CHCC10675	tyr__L	-0.122095
mm_ana	milk_ana	CHCC10675	his__L	-0.0838821
mm_ana	milk_ana	CHCC10675	trp__L	-0.0503295
mm_ana	milk_ana	CHCC10675	mg2	-0.00768095
mm_ana	milk_ana	CHCC10675	fe3	-0.00691329
mm_ana	milk_ana	CHCC10675	fe2	-0.00594554
mm_ana	milk_ana	CHCC10675	cl	-0.00460857
mm_ana	milk_ana	CHCC10675	ca2	-0.00460857
mm_ana	milk_ana	CHCC10675	cu2	-0.000627757
mm_ana	milk_ana	CHCC10675	mn2	-0.000611819
mm_ana	milk_ana	CHCC10675	fol	-0.00059234
mm_ana	milk_ana	CHCC10675	ribflv	-0.000394894
mm_ana	milk_ana	CHCC10675	zn2	-0.000301925
mm_ana	milk_ana	CHCC10675	thm	-0.000197447
mm_ana	milk_ana	CHCC10675	cobalt2	-8.85412e-05
mm_ana	milk_ana	CHCC10675	succ	0.261898
mm_ana	milk_ana	CHCC10675	h	7.9979
mm_ana	milk_ana	CHCC10675	pro__L	9.61146
mm_ana	milk_ana	CHCC10675	4abut	10
mm_ana	milk_ana	CHCC10675	btd_RR	16.3347
mm_ana	milk_ana	CHCC10675	h2o	39.28
mm_ana	milk_ana	CHCC10675	co2	46.772
mm_ana	milk_ana	CHCC10675	ala__D	47.7086
mm_ana	milk_aer	CHCC4895	glc__D	-10
mm_ana	milk_aer	CHCC4895	ala__L	-10
mm_ana	milk_aer	CHCC4895	nh4	-10
mm_ana	milk_aer	CHCC4895	gln__L	-10
mm_ana	milk_aer	CHCC4895	gly	-10
mm_ana	milk_aer	CHCC4895	thr__L	-10
mm_ana	milk_aer	CHCC4895	lcts	-10
mm_ana	milk_aer	CHCC4895	o2	-8.04296
mm_ana	milk_aer	CHCC4895	pi	-0.550211
mm_ana	milk_aer	CHCC4895	asp__L	-0.410677
mm_ana	milk_aer	CHCC4895	leu__L	-0.251383
mm_ana	milk_aer	CHCC4895	lys__L	-0.191474
mm_ana	milk_aer	CHCC4895	ura	-0.184574
mm_ana	milk_aer	CHCC4895	orn	-0.165043
mm_ana	milk_aer	CHCC4895	so4	-0.139718
mm_ana	milk_aer	CHCC4895	gua	-0.135465
mm_ana	milk_aer	CHCC4895	pro__L	-0.123342
mm_ana	milk_aer	CHCC4895	ade	-0.113992
mm_ana	milk_aer	CHCC4895	k	-0.108912
mm_ana	milk_aer	CHCC4895	his__L	-0.052861
mm_ana	milk_aer	CHCC4895	mg2	-0.0048404
mm_ana	milk_aer	CHCC4895	fe3	-0.00435664
mm_ana	milk_aer	CHCC4895	fe2	-0.00374677
mm_ana	milk_aer	CHCC4895	cl	-0.00290424
mm_ana	milk_aer	CHCC4895	ca2	-0.00290424
mm_ana	milk_aer	CHCC4895	nac	-0.00127106
mm_ana	milk_aer	CHCC4895	cu2	-0.000395601
mm_ana	milk_aer	CHCC4895	mn2	-0.000385558
mm_ana	milk_aer	CHCC4895	pnto__R	-0.000321391
mm_ana	milk_aer	CHCC4895	ribflv	-0.000248855
mm_ana	milk_aer	CHCC4895	zn2	-0.000190268
mm_ana	milk_aer	CHCC4895	thm	-0.000124427
mm_ana	milk_aer	CHCC4895	cobalt2	-5.57971e-05
mm_ana	milk_aer	CHCC4895	for	0.000373282
mm_ana	milk_aer	CHCC4895	glyclt	0.000373282
mm_ana	milk_aer	CHCC4895	ser__L	4.57515
mm_ana	milk_aer	CHCC4895	succ	9.6501
mm_ana	milk_aer	CHCC4895	ile__L	9.69634
mm_ana	milk_aer	CHCC4895	val__L	12.7459
mm_ana	milk_aer	CHCC4895	h	28.3223
mm_ana	milk_aer	CHCC4895	ala__D	30.0114
mm_ana	milk_aer	CHCC4895	co2	39.9859
mm_ana	milk_aer	CHCC4895	h2o	46.6339
mm_ana	mm_aer	CHCC4895	ade	-10
mm_ana	mm_aer	CHCC4895	o2	-10
mm_ana	mm_aer	CHCC4895	lcts	-10
mm_ana	mm_aer	CHCC4895	pi	-0.253938
mm_ana	mm_aer	CHCC4895	ura	-0.0851859
mm_ana	mm_aer	CHCC4895	so4	-0.0644835
mm_ana	mm_aer	CHCC4895	gua	-0.0625209
mm_ana	mm_aer	CHCC4895	k	-0.0502659
mm_ana	mm_aer	CHCC4895	mg2	-0.00223398
mm_ana	mm_aer	CHCC4895	fe3	-0.00201071
mm_ana	mm_aer	CHCC4895	fe2	-0.00172924
mm_ana	mm_aer	CHCC4895	cl	-0.00134039
mm_ana	mm_aer	CHCC4895	ca2	-0.00134039
mm_ana	mm_aer	CHCC4895	nac	-0.000586628
mm_ana	mm_aer	CHCC4895	cu2	-0.000182581
mm_ana	mm_aer	CHCC4895	mn2	-0.000177946
mm_ana	mm_aer	CHCC4895	pnto__R	-0.000148331
mm_ana	mm_aer	CHCC4895	ribflv	-0.000114853
mm_ana	mm_aer	CHCC4895	zn2	-8.78139e-05
mm_ana	mm_aer	CHCC4895	thm	-5.74267e-05
mm_ana	mm_aer	CHCC4895	cobalt2	-2.57519e-05
mm_ana	mm_aer	CHCC4895	glyclt	0.00017228
mm_ana	mm_aer	CHCC4895	diact	6.68798
mm_ana	mm_aer	CHCC4895	acald	7.13667
mm_ana	mm_aer	CHCC4895	val__L	7.81135
mm_ana	mm_aer	CHCC4895	h	7.97492
mm_ana	mm_aer	CHCC4895	for	8.40208
mm_ana	mm_aer	CHCC4895	hxan	9.94739
mm_ana	mm_aer	CHCC4895	co2	21.4524
mm_ana	mm_aer	CHCC4895	h2o	21.6897
mm_ana	milk_aer	CHCC10675	glc__D	-10
mm_ana	milk_aer	CHCC10675	ala__L	-10
mm_ana	milk_aer	CHCC10675	nh4	-10
mm_ana	milk_aer	CHCC10675	gly	-10
mm_ana	milk_aer	CHCC10675	ser__L	-10
mm_ana	milk_aer	CHCC10675	orn	-10
mm_ana	milk_aer	CHCC10675	o2	-10
mm_ana	milk_aer	CHCC10675	glu__L	-10
mm_ana	milk_aer	CHCC10675	lcts	-10
mm_ana	milk_aer	CHCC10675	xan	-10
mm_ana	milk_aer	CHCC10675	asp__L	-1.58087
mm_ana	milk_aer	CHCC10675	trp__L	-1.51608
mm_ana	milk_aer	CHCC10675	pi	-1.50666
mm_ana	milk_aer	CHCC10675	gln__L	-1.07631
mm_ana	milk_aer	CHCC10675	leu__L	-0.688368
mm_ana	milk_aer	CHCC10675	val__L	-0.647431
mm_ana	milk_aer	CHCC10675	lys__L	-0.524317
mm_ana	milk_aer	CHCC10675	ura	-0.505423
mm_ana	milk_aer	CHCC10675	ile__L	-0.443901
mm_ana	milk_aer	CHCC10675	thr__L	-0.38761
mm_ana	milk_aer	CHCC10675	so4	-0.382592
mm_ana	milk_aer	CHCC10675	gua	-0.369926
mm_ana	milk_aer	CHCC10675	ade	-0.312146
mm_ana	milk_aer	CHCC10675	k	-0.298236
mm_ana	milk_aer	CHCC10675	phe__L	-0.283067
mm_ana	milk_aer	CHCC10675	tyr__L	-0.210692
mm_ana	milk_aer	CHCC10675	his__L	-0.144751
mm_ana	milk_aer	CHCC10675	mg2	-0.0132546
mm_ana	milk_aer	CHCC10675	fe3	-0.0119299
mm_ana	milk_aer	CHCC10675	fe2	-0.0102599
mm_ana	milk_aer	CHCC10675	cl	-0.00795274
mm_ana	milk_aer	CHCC10675	ca2	-0.00795274
mm_ana	milk_aer	CHCC10675	cu2	-0.00108328
mm_ana	milk_aer	CHCC10675	mn2	-0.00105578
mm_ana	milk_aer	CHCC10675	fol	-0.00102217
mm_ana	milk_aer	CHCC10675	ribflv	-0.000681445
mm_ana	milk_aer	CHCC10675	zn2	-0.000521015
mm_ana	milk_aer	CHCC10675	thm	-0.000340723
mm_ana	milk_aer	CHCC10675	cobalt2	-0.00015279
mm_ana	milk_aer	CHCC10675	succ	0.571146
mm_ana	milk_aer	CHCC10675	id3acald	1.42923
mm_ana	milk_aer	CHCC10675	h	6.78399
mm_ana	milk_aer	CHCC10675	pro__L	9.21031
mm_ana	milk_aer	CHCC10675	4abut	10
mm_ana	milk_aer	CHCC10675	urate	10
mm_ana	milk_aer	CHCC10675	btd_RR	13.4139
mm_ana	milk_aer	CHCC10675	ala__D	47.5942
mm_ana	milk_aer	CHCC10675	co2	49.6335
mm_ana	milk_aer	CHCC10675	h2o	51.4789
mm_ana	milk_ana	CHCC4895	glc__D	-10
mm_ana	milk_ana	CHCC4895	ala__L	-10
mm_ana	milk_ana	CHCC4895	nh4	-10
mm_ana	milk_ana	CHCC4895	ser__L	-10
mm_ana	milk_ana	CHCC4895	thr__L	-10
mm_ana	milk_ana	CHCC4895	lcts	-10
mm_ana	milk_ana	CHCC4895	gln__L	-9.26666
mm_ana	milk_ana	CHCC4895	asp__L	-1.56612
mm_ana	milk_ana	CHCC4895	pi	-0.534153
mm_ana	milk_ana	CHCC4895	leu__L	-0.244046
mm_ana	milk_ana	CHCC4895	gly	-0.234018
mm_ana	milk_ana	CHCC4895	lys__L	-0.185886
mm_ana	milk_ana	CHCC4895	ura	-0.179187
mm_ana	milk_ana	CHCC4895	orn	-0.160226
mm_ana	milk_ana	CHCC4895	so4	-0.13564
mm_ana	milk_ana	CHCC4895	gua	-0.131512
mm_ana	milk_ana	CHCC4895	pro__L	-0.119742
mm_ana	milk_ana	CHCC4895	ade	-0.110665
mm_ana	milk_ana	CHCC4895	k	-0.105733
mm_ana	milk_ana	CHCC4895	his__L	-0.0513183
mm_ana	milk_ana	CHCC4895	mg2	-0.00469913
mm_ana	milk_ana	CHCC4895	fe3	-0.00422948
mm_ana	milk_ana	CHCC4895	fe2	-0.00363742
mm_ana	milk_ana	CHCC4895	cl	-0.00281948
mm_ana	milk_ana	CHCC4895	ca2	-0.00281948
mm_ana	milk_ana	CHCC4895	nac	-0.00123396
mm_ana	milk_ana	CHCC4895	cu2	-0.000384055
mm_ana	milk_ana	CHCC4895	mn2	-0.000374305
mm_ana	milk_ana	CHCC4895	pnto__R	-0.000312011
mm_ana	milk_ana	CHCC4895	ribflv	-0.000241592
mm_ana	milk_ana	CHCC4895	zn2	-0.000184715
mm_ana	milk_ana	CHCC4895	thm	-0.000120796
mm_ana	milk_ana	CHCC4895	cobalt2	-5.41686e-05
mm_ana	milk_ana	CHCC4895	for	0.000362388
mm_ana	milk_ana	CHCC4895	glyclt	0.000362388
mm_ana	milk_ana	CHCC4895	succ	8.92697
mm_ana	milk_ana	CHCC4895	ile__L	9.70521
mm_ana	milk_ana	CHCC4895	val__L	19.1614
mm_ana	milk_ana	CHCC4895	h	25.6538
mm_ana	milk_ana	CHCC4895	ala__D	28.1837
mm_ana	milk_ana	CHCC4895	co2	41.8871
mm_ana	milk_ana	CHCC4895	h2o	47.1736
mm_ana	mm_aer	CHCC10675	o2	-10
mm_ana	mm_aer	CHCC10675	lcts	-10
mm_ana	mm_aer	CHCC10675	gua	-7.63559
mm_ana	mm_aer	CHCC10675	h	-1.50516
mm_ana	mm_aer	CHCC10675	pi	-0.891729
mm_ana	mm_aer	CHCC10675	ura	-0.29914
mm_ana	mm_aer	CHCC10675	ade	-0.270419
mm_ana	mm_aer	CHCC10675	so4	-0.226441
mm_ana	mm_aer	CHCC10675	k	-0.176514
mm_ana	mm_aer	CHCC10675	mg2	-0.00784485
mm_ana	mm_aer	CHCC10675	fe3	-0.00706082
mm_ana	mm_aer	CHCC10675	fe2	-0.00607241
mm_ana	mm_aer	CHCC10675	cl	-0.00470691
mm_ana	mm_aer	CHCC10675	ca2	-0.00470691
mm_ana	mm_aer	CHCC10675	cu2	-0.000641152
mm_ana	mm_aer	CHCC10675	mn2	-0.000624875
mm_ana	mm_aer	CHCC10675	fol	-0.00060498
mm_ana	mm_aer	CHCC10675	ribflv	-0.00040332
mm_ana	mm_aer	CHCC10675	zn2	-0.000308368
mm_ana	mm_aer	CHCC10675	thm	-0.00020166
mm_ana	mm_aer	CHCC10675	cobalt2	-9.04305e-05
mm_ana	mm_aer	CHCC10675	succ	0.267486
mm_ana	mm_aer	CHCC10675	urate	2.88338
mm_ana	mm_aer	CHCC10675	xan	4.61893
mm_ana	mm_aer	CHCC10675	btd_RR	13.0794
mm_ana	mm_aer	CHCC10675	h2o	20.9218
mm_ana	mm_aer	CHCC10675	co2	31.2659
mm_ana	mm_ana	CHCC5614	fe3	-10
mm_ana	mm_ana	CHCC5614	lcts	-10
mm_ana	mm_ana	CHCC5614	so4	-7.69922
mm_ana	mm_ana	CHCC5614	h	-6.0153
mm_ana	mm_ana	CHCC5614	gua	-1.8346
mm_ana	mm_ana	CHCC5614	cit	-0.314357
mm_ana	mm_ana	CHCC5614	pi	-0.206927
mm_ana	mm_ana	CHCC5614	ura	-0.0694157
mm_ana	mm_ana	CHCC5614	k	-0.0409603
mm_ana	mm_ana	CHCC5614	mg2	-0.00182041
mm_ana	mm_ana	CHCC5614	cl	-0.00109224
mm_ana	mm_ana	CHCC5614	ca2	-0.00109224
mm_ana	mm_ana	CHCC5614	cu2	-0.00014878
mm_ana	mm_ana	CHCC5614	mn2	-0.000145003
mm_ana	mm_ana	CHCC5614	fol	-0.000140386
mm_ana	mm_ana	CHCC5614	ribflv	-9.35909e-05
mm_ana	mm_ana	CHCC5614	zn2	-7.15572e-05
mm_ana	mm_ana	CHCC5614	thm	-4.67955e-05
mm_ana	mm_ana	CHCC5614	cobalt2	-2.09845e-05
mm_ana	mm_ana	CHCC5614	s	0.0645005
mm_ana	mm_ana	CHCC5614	pdima	0.0735759
mm_ana	mm_ana	CHCC5614	succ	0.31108
mm_ana	mm_ana	CHCC5614	xan	1.74092
mm_ana	mm_ana	CHCC5614	h2s	7.58218
mm_ana	mm_ana	CHCC5614	fe2	9.99695
mm_ana	mm_ana	CHCC5614	h2o	26.5037
mm_ana	mm_ana	CHCC5614	acald	33.2129
mm_ana	mm_ana	CHCC5614	co2	38.7893
mm_ana	mm_aer	CHCC5614	fe3	-10
mm_ana	mm_aer	CHCC5614	o2	-10
mm_ana	mm_aer	CHCC5614	lcts	-10
mm_ana	mm_aer	CHCC5614	gua	-3.46535
mm_ana	mm_aer	CHCC5614	so4	-1.67737
mm_ana	mm_aer	CHCC5614	cit	-0.418127
mm_ana	mm_aer	CHCC5614	pi	-0.390862
mm_ana	mm_aer	CHCC5614	ura	-0.131119
mm_ana	mm_aer	CHCC5614	k	-0.0773694
mm_ana	mm_aer	CHCC5614	mg2	-0.00343854
mm_ana	mm_aer	CHCC5614	cl	-0.00206313
mm_ana	mm_aer	CHCC5614	ca2	-0.00206313
mm_ana	mm_aer	CHCC5614	cu2	-0.000281029
mm_ana	mm_aer	CHCC5614	mn2	-0.000273894
mm_ana	mm_aer	CHCC5614	fol	-0.000265174
mm_ana	mm_aer	CHCC5614	ribflv	-0.000176783
mm_ana	mm_aer	CHCC5614	zn2	-0.000135164
mm_ana	mm_aer	CHCC5614	thm	-8.83914e-05
mm_ana	mm_aer	CHCC5614	cobalt2	-3.96374e-05
mm_ana	mm_aer	CHCC5614	s	0.121834
mm_ana	mm_aer	CHCC5614	pdima	0.138977
mm_ana	mm_aer	CHCC5614	succ	0.411938
mm_ana	mm_aer	CHCC5614	h2s	1.45628
mm_ana	mm_aer	CHCC5614	xan	3.28841
mm_ana	mm_aer	CHCC5614	h	5.65575
mm_ana	mm_aer	CHCC5614	fe2	9.99424
mm_ana	mm_aer	CHCC5614	acald	27.1799
mm_ana	mm_aer	CHCC5614	h2o	27.6647
mm_ana	mm_aer	CHCC5614	co2	37.3618
mm_ana	milk_ana	CHCC5614	glc__D	-10
mm_ana	milk_ana	CHCC5614	h	-10
mm_ana	milk_ana	CHCC5614	ala__L	-10
mm_ana	milk_ana	CHCC5614	gln__L	-10
mm_ana	milk_ana	CHCC5614	gly	-10
mm_ana	milk_ana	CHCC5614	ser__L	-10
mm_ana	milk_ana	CHCC5614	fe3	-10
mm_ana	milk_ana	CHCC5614	lcts	-10
mm_ana	milk_ana	CHCC5614	gal	-3.313
mm_ana	milk_ana	CHCC5614	asp__L	-0.645431
mm_ana	milk_ana	CHCC5614	pi	-0.513939
mm_ana	milk_ana	CHCC5614	cit	-0.340855
mm_ana	milk_ana	CHCC5614	so4	-0.290705
mm_ana	milk_ana	CHCC5614	leu__L	-0.234811
mm_ana	milk_ana	CHCC5614	gua	-0.232663
mm_ana	milk_ana	CHCC5614	lys__L	-0.178851
mm_ana	milk_ana	CHCC5614	ura	-0.172406
mm_ana	milk_ana	CHCC5614	orn	-0.154163
mm_ana	milk_ana	CHCC5614	ile__L	-0.15142
mm_ana	milk_ana	CHCC5614	thr__L	-0.132218
mm_ana	milk_ana	CHCC5614	pro__L	-0.115211
mm_ana	milk_ana	CHCC5614	k	-0.101732
mm_ana	milk_ana	CHCC5614	phe__L	-0.0965577
mm_ana	milk_ana	CHCC5614	tyr__L	-0.0718696
mm_ana	milk_ana	CHCC5614	his__L	-0.0493762
mm_ana	milk_ana	CHCC5614	trp__L	-0.0296258
mm_ana	milk_ana	CHCC5614	mg2	-0.0045213
mm_ana	milk_ana	CHCC5614	cl	-0.00271278
mm_ana	milk_ana	CHCC5614	ca2	-0.00271278
mm_ana	milk_ana	CHCC5614	cu2	-0.000369521
mm_ana	milk_ana	CHCC5614	mn2	-0.00036014
mm_ana	milk_ana	CHCC5614	fol	-0.000348674
mm_ana	milk_ana	CHCC5614	ribflv	-0.000232449
mm_ana	milk_ana	CHCC5614	zn2	-0.000177725
mm_ana	milk_ana	CHCC5614	thm	-0.000116225
mm_ana	milk_ana	CHCC5614	cobalt2	-5.21187e-05
mm_ana	milk_ana	CHCC5614	s	0.160198
mm_ana	milk_ana	CHCC5614	pdima	0.182739
mm_ana	milk_ana	CHCC5614	succ	0.340855
mm_ana	milk_ana	CHCC5614	glu__L	1.01954
mm_ana	milk_ana	CHCC5614	4abut	7.08723
mm_ana	milk_ana	CHCC5614	fe2	9.99243
mm_ana	milk_ana	CHCC5614	nh4	19.3076
mm_ana	milk_ana	CHCC5614	val__L	20.5827
mm_ana	milk_ana	CHCC5614	h2o	36.5553
mm_ana	milk_ana	CHCC5614	acald	45.7283
mm_ana	milk_ana	CHCC5614	co2	74.4138
mm_ana	mm_ana	CHCC10675	h	-10
mm_ana	mm_ana	CHCC10675	lcts	-10
mm_ana	mm_ana	CHCC10675	so4	-4.47548
mm_ana	mm_ana	CHCC10675	gua	-3.10205
mm_ana	mm_ana	CHCC10675	pi	-0.362275
mm_ana	mm_ana	CHCC10675	ura	-0.121529
mm_ana	mm_ana	CHCC10675	ade	-0.109861
mm_ana	mm_ana	CHCC10675	k	-0.0717109
mm_ana	mm_ana	CHCC10675	mg2	-0.00318706
mm_ana	mm_ana	CHCC10675	fe3	-0.00286854
mm_ana	mm_ana	CHCC10675	fe2	-0.00246699
mm_ana	mm_ana	CHCC10675	cl	-0.00191224
mm_ana	mm_ana	CHCC10675	ca2	-0.00191224
mm_ana	mm_ana	CHCC10675	cu2	-0.000260475
mm_ana	mm_ana	CHCC10675	mn2	-0.000253863
mm_ana	mm_ana	CHCC10675	fol	-0.00024578
mm_ana	mm_ana	CHCC10675	ribflv	-0.000163853
mm_ana	mm_ana	CHCC10675	zn2	-0.000125278
mm_ana	mm_ana	CHCC10675	thm	-8.19267e-05
mm_ana	mm_ana	CHCC10675	cobalt2	-3.67384e-05
mm_ana	mm_ana	CHCC10675	succ	0.108669
mm_ana	mm_ana	CHCC10675	xan	3.0479
mm_ana	mm_ana	CHCC10675	h2s	4.38348
mm_ana	mm_ana	CHCC10675	h2o	13.8486
mm_ana	mm_ana	CHCC10675	btd_RR	17.3061
mm_ana	mm_ana	CHCC10675	co2	35.9809
mm_ana	mm_aer	CHCC6086	o2	-10
mm_ana	mm_aer	CHCC6086	lcts	-10
mm_ana	mm_aer	CHCC6086	gua	-6.90886
mm_ana	mm_aer	CHCC6086	pi	-0.806665
mm_ana	mm_aer	CHCC6086	ura	-0.270604
mm_ana	mm_aer	CHCC6086	ade	-0.244623
mm_ana	mm_aer	CHCC6086	so4	-0.20484
mm_ana	mm_aer	CHCC6086	k	-0.159676
mm_ana	mm_aer	CHCC6086	mg2	-0.00709651
mm_ana	mm_aer	CHCC6086	fe3	-0.00638727
mm_ana	mm_aer	CHCC6086	fe2	-0.00549315
mm_ana	mm_aer	CHCC6086	cl	-0.00425791
mm_ana	mm_aer	CHCC6086	ca2	-0.00425791
mm_ana	mm_aer	CHCC6086	cu2	-0.000579991
mm_ana	mm_aer	CHCC6086	mn2	-0.000565267
mm_ana	mm_aer	CHCC6086	ribflv	-0.000364846
mm_ana	mm_aer	CHCC6086	zn2	-0.000278952
mm_ana	mm_aer	CHCC6086	thm	-0.000182423
mm_ana	mm_aer	CHCC6086	cobalt2	-8.18041e-05
mm_ana	mm_aer	CHCC6086	glyclt	0.00054727
mm_ana	mm_aer	CHCC6086	succ	0.241888
mm_ana	mm_aer	CHCC6086	xan	6.78775
mm_ana	mm_aer	CHCC6086	h	11.4365
mm_ana	mm_aer	CHCC6086	for	12.5086
mm_ana	mm_aer	CHCC6086	co2	20.1393
mm_ana	mm_aer	CHCC6086	h2o	21.664
mm_ana	mm_aer	CHCC6086	acald	27.2005
